{
  "type": "FeatureCollection",
  "features": [
    {
      "type": "Feature",
      "geometry": {
        "type": "Point",
        "coordinates": [
          120.0,
          29.0
        ]
      },
      "properties": {
        "incident_id": "GDACS-1104081",
        "country": "China",
        "region": "Zhejiang",
        "locality": "Yongkang",
        "season": "Summer",
        "disaster_type": "Flood",
        "emoji": "🌊",
        "risk_level": "High",
        "statistical_probability": "100.0%",
        "primary_reason": "Intense torrential rainfall leading to overwhelmed storm runoff channels.",
        "static_safety_tips": [
          "Monitor local authorities for real-time guidance."
        ],
        "dynamic_precautions": [
          "Avoid the immediate affected perimeter."
        ]
      }
    },
    {
      "type": "Feature",
      "geometry": {
        "type": "Point",
        "coordinates": [
          117.4,
          23.8
        ]
      },
      "properties": {
        "incident_id": "GDACS-1001305",
        "country": "China",
        "region": "Fujian",
        "locality": "Yunxiao County",
        "season": "Summer",
        "disaster_type": "Storm",
        "emoji": "🌪️",
        "risk_level": "High",
        "statistical_probability": "100.0%",
        "primary_reason": "Rapid low-pressure cyclonic front with localized gale winds.",
        "static_safety_tips": [
          "Monitor local authorities for real-time guidance."
        ],
        "dynamic_precautions": [
          "Avoid the immediate affected perimeter."
        ]
      }
    },
    {
      "type": "Feature",
      "geometry": {
        "type": "Point",
        "coordinates": [
          79.5542,
          29.3506
        ]
      },
      "properties": {
        "incident_id": "GDACS-1104121",
        "country": "India",
        "region": "Uttarakhand",
        "locality": "Bhimtal",
        "season": "Summer",
        "disaster_type": "Flood",
        "emoji": "🌊",
        "risk_level": "High",
        "statistical_probability": "100.0%",
        "primary_reason": "Intense torrential rainfall leading to overwhelmed storm runoff channels.",
        "static_safety_tips": [
          "Monitor local authorities for real-time guidance."
        ],
        "dynamic_precautions": [
          "Avoid the immediate affected perimeter."
        ]
      }
    },
    {
      "type": "Feature",
      "geometry": {
        "type": "Point",
        "coordinates": [
          85.3649,
          27.2953
        ]
      },
      "properties": {
        "incident_id": "GDACS-1104124",
        "country": "Nepal",
        "region": "Bagamati Province",
        "locality": "Makwanpur",
        "season": "Summer",
        "disaster_type": "Flood",
        "emoji": "🌊",
        "risk_level": "High",
        "statistical_probability": "100.0%",
        "primary_reason": "Intense torrential rainfall leading to overwhelmed storm runoff channels.",
        "static_safety_tips": [
          "Monitor local authorities for real-time guidance."
        ],
        "dynamic_precautions": [
          "Avoid the immediate affected perimeter."
        ]
      }
    },
    {
      "type": "Feature",
      "geometry": {
        "type": "Point",
        "coordinates": [
          10.941,
          48.056
        ]
      },
      "properties": {
        "incident_id": "GDACS-1018332",
        "country": "Germany",
        "region": "Bavaria",
        "locality": "Landkreis Landsberg am Lech",
        "season": "Winter",
        "disaster_type": "Drought",
        "emoji": "🏜️",
        "risk_level": "High",
        "statistical_probability": "100.0%",
        "primary_reason": "Prolonged deficit in seasonal precipitation combined with high evaporation.",
        "static_safety_tips": [
          "Monitor local authorities for real-time guidance."
        ],
        "dynamic_precautions": [
          "Avoid the immediate affected perimeter."
        ]
      }
    },
    {
      "type": "Feature",
      "geometry": {
        "type": "Point",
        "coordinates": [
          47.727,
          -17.69
        ]
      },
      "properties": {
        "incident_id": "GDACS-1018431",
        "country": "Madagascar",
        "region": "Betsiboka",
        "locality": "Tsaratanana",
        "season": "Autumn",
        "disaster_type": "Drought",
        "emoji": "🏜️",
        "risk_level": "High",
        "statistical_probability": "100.0%",
        "primary_reason": "Prolonged deficit in seasonal precipitation combined with high evaporation.",
        "static_safety_tips": [
          "Monitor local authorities for real-time guidance."
        ],
        "dynamic_precautions": [
          "Avoid the immediate affected perimeter."
        ]
      }
    },
    {
      "type": "Feature",
      "geometry": {
        "type": "Point",
        "coordinates": [
          -89.169,
          15.196
        ]
      },
      "properties": {
        "incident_id": "GDACS-1027449",
        "country": "Guatemala",
        "region": "Izabal",
        "locality": "Los Amates",
        "season": "Spring",
        "disaster_type": "Drought",
        "emoji": "🏜️",
        "risk_level": "High",
        "statistical_probability": "100.0%",
        "primary_reason": "Prolonged deficit in seasonal precipitation combined with high evaporation.",
        "static_safety_tips": [
          "Monitor local authorities for real-time guidance."
        ],
        "dynamic_precautions": [
          "Avoid the immediate affected perimeter."
        ]
      }
    },
    {
      "type": "Feature",
      "geometry": {
        "type": "Point",
        "coordinates": [
          105.229,
          29.2752
        ]
      },
      "properties": {
        "incident_id": "GDACS-1562260",
        "country": "China",
        "region": "Sichuan",
        "locality": "Shengdeng",
        "season": "Summer",
        "disaster_type": "Earthquake",
        "emoji": "🌋",
        "risk_level": "High",
        "statistical_probability": "100.0%",
        "primary_reason": "Regional tectonic fault line movement.",
        "static_safety_tips": [
          "Monitor local authorities for real-time guidance."
        ],
        "dynamic_precautions": [
          "Avoid the immediate affected perimeter."
        ]
      }
    },
    {
      "type": "Feature",
      "geometry": {
        "type": "Point",
        "coordinates": [
          117.0123,
          25.0767
        ]
      },
      "properties": {
        "incident_id": "GDACS-1104123",
        "country": "China",
        "region": "Fujian",
        "locality": "Longyan City",
        "season": "Summer",
        "disaster_type": "Flood",
        "emoji": "🌊",
        "risk_level": "High",
        "statistical_probability": "100.0%",
        "primary_reason": "Intense torrential rainfall leading to overwhelmed storm runoff channels.",
        "static_safety_tips": [
          "Monitor local authorities for real-time guidance."
        ],
        "dynamic_precautions": [
          "Avoid the immediate affected perimeter."
        ]
      }
    },
    {
      "type": "Feature",
      "geometry": {
        "type": "Point",
        "coordinates": [
          21.1671,
          44.8678
        ]
      },
      "properties": {
        "incident_id": "GDACS-1030252",
        "country": "Serbia",
        "region": "Serbia",
        "locality": "Kovin Municipality",
        "season": "Summer",
        "disaster_type": "Wildfire",
        "emoji": "🔥",
        "risk_level": "High",
        "statistical_probability": "100.0%",
        "primary_reason": "High heat index combined with sustained winds and dry vegetation.",
        "static_safety_tips": [
          "Monitor local authorities for real-time guidance."
        ],
        "dynamic_precautions": [
          "Avoid the immediate affected perimeter."
        ]
      }
    },
    {
      "type": "Feature",
      "geometry": {
        "type": "Point",
        "coordinates": [
          -0.7181000000000001,
          42.4725
        ]
      },
      "properties": {
        "incident_id": "GDACS-1030410",
        "country": "Spain",
        "region": "Aragon",
        "locality": "Jacetania",
        "season": "Summer",
        "disaster_type": "Wildfire",
        "emoji": "🔥",
        "risk_level": "High",
        "statistical_probability": "100.0%",
        "primary_reason": "High heat index combined with sustained winds and dry vegetation.",
        "static_safety_tips": [
          "Monitor local authorities for real-time guidance."
        ],
        "dynamic_precautions": [
          "Avoid the immediate affected perimeter."
        ]
      }
    },
    {
      "type": "Feature",
      "geometry": {
        "type": "Point",
        "coordinates": [
          6.0772,
          50.5262
        ]
      },
      "properties": {
        "incident_id": "GDACS-1030534",
        "country": "Belgium",
        "region": "Liège",
        "locality": "Verviers",
        "season": "Summer",
        "disaster_type": "Wildfire",
        "emoji": "🔥",
        "risk_level": "High",
        "statistical_probability": "100.0%",
        "primary_reason": "High heat index combined with sustained winds and dry vegetation.",
        "static_safety_tips": [
          "Monitor local authorities for real-time guidance."
        ],
        "dynamic_precautions": [
          "Avoid the immediate affected perimeter."
        ]
      }
    },
    {
      "type": "Feature",
      "geometry": {
        "type": "Point",
        "coordinates": [
          121.3517,
          -8.3101
        ]
      },
      "properties": {
        "incident_id": "GDACS-1558059",
        "country": "Indonesia",
        "region": "East Nusa Tenggara",
        "locality": "East Nusa Tenggara",
        "season": "Summer",
        "disaster_type": "Earthquake",
        "emoji": "🌋",
        "risk_level": "High",
        "statistical_probability": "100.0%",
        "primary_reason": "Regional tectonic fault line movement.",
        "static_safety_tips": [
          "Monitor local authorities for real-time guidance."
        ],
        "dynamic_precautions": [
          "Avoid the immediate affected perimeter."
        ]
      }
    },
    {
      "type": "Feature",
      "geometry": {
        "type": "Point",
        "coordinates": [
          -76.2422,
          4.8436
        ]
      },
      "properties": {
        "incident_id": "GDACS-1557236",
        "country": "Colombia",
        "region": "Chocó",
        "locality": "Chocó",
        "season": "Summer",
        "disaster_type": "Earthquake",
        "emoji": "🌋",
        "risk_level": "High",
        "statistical_probability": "100.0%",
        "primary_reason": "Regional tectonic fault line movement.",
        "static_safety_tips": [
          "Monitor local authorities for real-time guidance."
        ],
        "dynamic_precautions": [
          "Avoid the immediate affected perimeter."
        ]
      }
    },
    {
      "type": "Feature",
      "geometry": {
        "type": "Point",
        "coordinates": [
          120.6,
          27.9
        ]
      },
      "properties": {
        "incident_id": "GDACS-1001297",
        "country": "China",
        "region": "Zhejiang",
        "locality": "Ouhai District",
        "season": "Summer",
        "disaster_type": "Storm",
        "emoji": "🌪️",
        "risk_level": "High",
        "statistical_probability": "100.0%",
        "primary_reason": "Rapid low-pressure cyclonic front with localized gale winds.",
        "static_safety_tips": [
          "Monitor local authorities for real-time guidance."
        ],
        "dynamic_precautions": [
          "Avoid the immediate affected perimeter."
        ]
      }
    },
    {
      "type": "Feature",
      "geometry": {
        "type": "Point",
        "coordinates": [
          23.2591,
          38.122
        ]
      },
      "properties": {
        "incident_id": "GDACS-1029987",
        "country": "Greece",
        "region": "Attica",
        "locality": "Municipal Unit of Vilia",
        "season": "Summer",
        "disaster_type": "Wildfire",
        "emoji": "🔥",
        "risk_level": "High",
        "statistical_probability": "100.0%",
        "primary_reason": "High heat index combined with sustained winds and dry vegetation.",
        "static_safety_tips": [
          "Monitor local authorities for real-time guidance."
        ],
        "dynamic_precautions": [
          "Avoid the immediate affected perimeter."
        ]
      }
    },
    {
      "type": "Feature",
      "geometry": {
        "type": "Point",
        "coordinates": [
          24.4625,
          35.1684
        ]
      },
      "properties": {
        "incident_id": "GDACS-1029958",
        "country": "Greece",
        "region": "Region of Crete",
        "locality": "Rethymno Regional Unit",
        "season": "Summer",
        "disaster_type": "Wildfire",
        "emoji": "🔥",
        "risk_level": "High",
        "statistical_probability": "100.0%",
        "primary_reason": "High heat index combined with sustained winds and dry vegetation.",
        "static_safety_tips": [
          "Monitor local authorities for real-time guidance."
        ],
        "dynamic_precautions": [
          "Avoid the immediate affected perimeter."
        ]
      }
    },
    {
      "type": "Feature",
      "geometry": {
        "type": "Point",
        "coordinates": [
          -1.0329,
          44.8463
        ]
      },
      "properties": {
        "incident_id": "GDACS-1029628",
        "country": "France",
        "region": "Nouvelle-Aquitaine",
        "locality": "Gironde",
        "season": "Summer",
        "disaster_type": "Wildfire",
        "emoji": "🔥",
        "risk_level": "High",
        "statistical_probability": "100.0%",
        "primary_reason": "High heat index combined with sustained winds and dry vegetation.",
        "static_safety_tips": [
          "Monitor local authorities for real-time guidance."
        ],
        "dynamic_precautions": [
          "Avoid the immediate affected perimeter."
        ]
      }
    },
    {
      "type": "Feature",
      "geometry": {
        "type": "Point",
        "coordinates": [
          110.9725,
          30.8276
        ]
      },
      "properties": {
        "incident_id": "GDACS-1104051",
        "country": "China",
        "region": "Hubei",
        "locality": "Zigui County",
        "season": "Summer",
        "disaster_type": "Flood",
        "emoji": "🌊",
        "risk_level": "High",
        "statistical_probability": "100.0%",
        "primary_reason": "Intense torrential rainfall leading to overwhelmed storm runoff channels.",
        "static_safety_tips": [
          "Monitor local authorities for real-time guidance."
        ],
        "dynamic_precautions": [
          "Avoid the immediate affected perimeter."
        ]
      }
    },
    {
      "type": "Feature",
      "geometry": {
        "type": "Point",
        "coordinates": [
          -0.2541,
          39.8863
        ]
      },
      "properties": {
        "incident_id": "GDACS-1029794",
        "country": "Spain",
        "region": "Valencian Community",
        "locality": "la Plana Baixa",
        "season": "Summer",
        "disaster_type": "Wildfire",
        "emoji": "🔥",
        "risk_level": "High",
        "statistical_probability": "100.0%",
        "primary_reason": "High heat index combined with sustained winds and dry vegetation.",
        "static_safety_tips": [
          "Monitor local authorities for real-time guidance."
        ],
        "dynamic_precautions": [
          "Avoid the immediate affected perimeter."
        ]
      }
    },
    {
      "type": "Feature",
      "geometry": {
        "type": "Point",
        "coordinates": [
          33.577,
          1.115
        ]
      },
      "properties": {
        "incident_id": "GDACS-1027465",
        "country": "Uganda",
        "region": "Kaliro",
        "locality": "Kaliro",
        "season": "Spring",
        "disaster_type": "Drought",
        "emoji": "🏜️",
        "risk_level": "High",
        "statistical_probability": "100.0%",
        "primary_reason": "Prolonged deficit in seasonal precipitation combined with high evaporation.",
        "static_safety_tips": [
          "Monitor local authorities for real-time guidance."
        ],
        "dynamic_precautions": [
          "Avoid the immediate affected perimeter."
        ]
      }
    },
    {
      "type": "Feature",
      "geometry": {
        "type": "Point",
        "coordinates": [
          -4.5405,
          40.3594
        ]
      },
      "properties": {
        "incident_id": "GDACS-1029643",
        "country": "Spain",
        "region": "Castile and León",
        "locality": "Castile and León",
        "season": "Summer",
        "disaster_type": "Wildfire",
        "emoji": "🔥",
        "risk_level": "High",
        "statistical_probability": "100.0%",
        "primary_reason": "High heat index combined with sustained winds and dry vegetation.",
        "static_safety_tips": [
          "Monitor local authorities for real-time guidance."
        ],
        "dynamic_precautions": [
          "Avoid the immediate affected perimeter."
        ]
      }
    },
    {
      "type": "Feature",
      "geometry": {
        "type": "Point",
        "coordinates": [
          42.131,
          9.46
        ]
      },
      "properties": {
        "incident_id": "GDACS-1027450",
        "country": "Ethiopia",
        "region": "Oromia Region",
        "locality": "Oromia Region",
        "season": "Spring",
        "disaster_type": "Drought",
        "emoji": "🏜️",
        "risk_level": "High",
        "statistical_probability": "100.0%",
        "primary_reason": "Prolonged deficit in seasonal precipitation combined with high evaporation.",
        "static_safety_tips": [
          "Monitor local authorities for real-time guidance."
        ],
        "dynamic_precautions": [
          "Avoid the immediate affected perimeter."
        ]
      }
    },
    {
      "type": "Feature",
      "geometry": {
        "type": "Point",
        "coordinates": [
          8.5428,
          36.261
        ]
      },
      "properties": {
        "incident_id": "GDACS-1029649",
        "country": "Tunisia",
        "region": "Al Kaf",
        "locality": "جرادو",
        "season": "Summer",
        "disaster_type": "Wildfire",
        "emoji": "🔥",
        "risk_level": "High",
        "statistical_probability": "100.0%",
        "primary_reason": "High heat index combined with sustained winds and dry vegetation.",
        "static_safety_tips": [
          "Monitor local authorities for real-time guidance."
        ],
        "dynamic_precautions": [
          "Avoid the immediate affected perimeter."
        ]
      }
    },
    {
      "type": "Feature",
      "geometry": {
        "type": "Point",
        "coordinates": [
          130.7217,
          32.6817
        ]
      },
      "properties": {
        "incident_id": "GDACS-1554552",
        "country": "Japan",
        "region": "Japan",
        "locality": "Kumamoto",
        "season": "Summer",
        "disaster_type": "Earthquake",
        "emoji": "🌋",
        "risk_level": "High",
        "statistical_probability": "100.0%",
        "primary_reason": "Regional tectonic fault line movement.",
        "static_safety_tips": [
          "Monitor local authorities for real-time guidance."
        ],
        "dynamic_precautions": [
          "Avoid the immediate affected perimeter."
        ]
      }
    },
    {
      "type": "Feature",
      "geometry": {
        "type": "Point",
        "coordinates": [
          99.5198,
          35.3685
        ]
      },
      "properties": {
        "incident_id": "GDACS-1554510",
        "country": "China",
        "region": "Qinghai",
        "locality": "Xinghai County",
        "season": "Summer",
        "disaster_type": "Earthquake",
        "emoji": "🌋",
        "risk_level": "High",
        "statistical_probability": "100.0%",
        "primary_reason": "Regional tectonic fault line movement.",
        "static_safety_tips": [
          "Monitor local authorities for real-time guidance."
        ],
        "dynamic_precautions": [
          "Avoid the immediate affected perimeter."
        ]
      }
    },
    {
      "type": "Feature",
      "geometry": {
        "type": "Point",
        "coordinates": [
          114.5,
          22.9
        ]
      },
      "properties": {
        "incident_id": "GDACS-1001294",
        "country": "China",
        "region": "Guangdong",
        "locality": "Huizhou",
        "season": "Summer",
        "disaster_type": "Storm",
        "emoji": "🌪️",
        "risk_level": "High",
        "statistical_probability": "100.0%",
        "primary_reason": "Rapid low-pressure cyclonic front with localized gale winds.",
        "static_safety_tips": [
          "Monitor local authorities for real-time guidance."
        ],
        "dynamic_precautions": [
          "Avoid the immediate affected perimeter."
        ]
      }
    },
    {
      "type": "Feature",
      "geometry": {
        "type": "Point",
        "coordinates": [
          -3.0589,
          41.1147
        ]
      },
      "properties": {
        "incident_id": "GDACS-1029540",
        "country": "Spain",
        "region": "Castile-La Mancha",
        "locality": "Castile-La Mancha",
        "season": "Summer",
        "disaster_type": "Wildfire",
        "emoji": "🔥",
        "risk_level": "High",
        "statistical_probability": "100.0%",
        "primary_reason": "High heat index combined with sustained winds and dry vegetation.",
        "static_safety_tips": [
          "Monitor local authorities for real-time guidance."
        ],
        "dynamic_precautions": [
          "Avoid the immediate affected perimeter."
        ]
      }
    },
    {
      "type": "Feature",
      "geometry": {
        "type": "Point",
        "coordinates": [
          -75.3034,
          -12.1036
        ]
      },
      "properties": {
        "incident_id": "GDACS-1552752",
        "country": "Peru",
        "region": "Junín",
        "locality": "Junín",
        "season": "Summer",
        "disaster_type": "Earthquake",
        "emoji": "🌋",
        "risk_level": "High",
        "statistical_probability": "100.0%",
        "primary_reason": "Regional tectonic fault line movement.",
        "static_safety_tips": [
          "Monitor local authorities for real-time guidance."
        ],
        "dynamic_precautions": [
          "Avoid the immediate affected perimeter."
        ]
      }
    },
    {
      "type": "Feature",
      "geometry": {
        "type": "Point",
        "coordinates": [
          123.685,
          13.257
        ]
      },
      "properties": {
        "incident_id": "GDACS-1000144",
        "country": "Philippines",
        "region": "Albay",
        "locality": "Malilipot",
        "season": "Summer",
        "disaster_type": "Earthquake",
        "emoji": "🌋",
        "risk_level": "High",
        "statistical_probability": "100.0%",
        "primary_reason": "Regional tectonic fault line movement.",
        "static_safety_tips": [
          "Monitor local authorities for real-time guidance."
        ],
        "dynamic_precautions": [
          "Avoid the immediate affected perimeter."
        ]
      }
    },
    {
      "type": "Feature",
      "geometry": {
        "type": "Point",
        "coordinates": [
          103.2791,
          35.7003
        ]
      },
      "properties": {
        "incident_id": "GDACS-1103933",
        "country": "China",
        "region": "Gansu",
        "locality": "Liushu",
        "season": "Summer",
        "disaster_type": "Flood",
        "emoji": "🌊",
        "risk_level": "High",
        "statistical_probability": "100.0%",
        "primary_reason": "Intense torrential rainfall leading to overwhelmed storm runoff channels.",
        "static_safety_tips": [
          "Monitor local authorities for real-time guidance."
        ],
        "dynamic_precautions": [
          "Avoid the immediate affected perimeter."
        ]
      }
    },
    {
      "type": "Feature",
      "geometry": {
        "type": "Point",
        "coordinates": [
          2.5494,
          48.375
        ]
      },
      "properties": {
        "incident_id": "GDACS-1029489",
        "country": "France",
        "region": "Ile-de-France",
        "locality": "Seine-et-Marne",
        "season": "Summer",
        "disaster_type": "Wildfire",
        "emoji": "🔥",
        "risk_level": "High",
        "statistical_probability": "100.0%",
        "primary_reason": "High heat index combined with sustained winds and dry vegetation.",
        "static_safety_tips": [
          "Monitor local authorities for real-time guidance."
        ],
        "dynamic_precautions": [
          "Avoid the immediate affected perimeter."
        ]
      }
    },
    {
      "type": "Feature",
      "geometry": {
        "type": "Point",
        "coordinates": [
          120.4,
          28.7
        ]
      },
      "properties": {
        "incident_id": "GDACS-1001279",
        "country": "China",
        "region": "Zhejiang",
        "locality": "Xianju County",
        "season": "Summer",
        "disaster_type": "Storm",
        "emoji": "🌪️",
        "risk_level": "High",
        "statistical_probability": "100.0%",
        "primary_reason": "Rapid low-pressure cyclonic front with localized gale winds.",
        "static_safety_tips": [
          "Monitor local authorities for real-time guidance."
        ],
        "dynamic_precautions": [
          "Avoid the immediate affected perimeter."
        ]
      }
    },
    {
      "type": "Feature",
      "geometry": {
        "type": "Point",
        "coordinates": [
          -2.0012,
          37.1805
        ]
      },
      "properties": {
        "incident_id": "GDACS-1029448",
        "country": "Spain",
        "region": "Andalusia",
        "locality": "Andalusia",
        "season": "Summer",
        "disaster_type": "Wildfire",
        "emoji": "🔥",
        "risk_level": "High",
        "statistical_probability": "100.0%",
        "primary_reason": "High heat index combined with sustained winds and dry vegetation.",
        "static_safety_tips": [
          "Monitor local authorities for real-time guidance."
        ],
        "dynamic_precautions": [
          "Avoid the immediate affected perimeter."
        ]
      }
    },
    {
      "type": "Feature",
      "geometry": {
        "type": "Point",
        "coordinates": [
          2.5677,
          42.6724
        ]
      },
      "properties": {
        "incident_id": "GDACS-1029331",
        "country": "France",
        "region": "Occitania",
        "locality": "Pyrénées-Orientales",
        "season": "Summer",
        "disaster_type": "Wildfire",
        "emoji": "🔥",
        "risk_level": "High",
        "statistical_probability": "100.0%",
        "primary_reason": "High heat index combined with sustained winds and dry vegetation.",
        "static_safety_tips": [
          "Monitor local authorities for real-time guidance."
        ],
        "dynamic_precautions": [
          "Avoid the immediate affected perimeter."
        ]
      }
    },
    {
      "type": "Feature",
      "geometry": {
        "type": "Point",
        "coordinates": [
          -8.2824,
          40.620400000000004
        ]
      },
      "properties": {
        "incident_id": "GDACS-1029260",
        "country": "Portugal",
        "region": "Portugal",
        "locality": "Préstimo e Macieira de Alcoba",
        "season": "Summer",
        "disaster_type": "Wildfire",
        "emoji": "🔥",
        "risk_level": "High",
        "statistical_probability": "100.0%",
        "primary_reason": "High heat index combined with sustained winds and dry vegetation.",
        "static_safety_tips": [
          "Monitor local authorities for real-time guidance."
        ],
        "dynamic_precautions": [
          "Avoid the immediate affected perimeter."
        ]
      }
    },
    {
      "type": "Feature",
      "geometry": {
        "type": "Point",
        "coordinates": [
          107.9,
          21.6
        ]
      },
      "properties": {
        "incident_id": "GDACS-1001281",
        "country": "China",
        "region": "Guangxi",
        "locality": "Dongxing",
        "season": "Summer",
        "disaster_type": "Storm",
        "emoji": "🌪️",
        "risk_level": "High",
        "statistical_probability": "100.0%",
        "primary_reason": "Rapid low-pressure cyclonic front with localized gale winds.",
        "static_safety_tips": [
          "Monitor local authorities for real-time guidance."
        ],
        "dynamic_precautions": [
          "Avoid the immediate affected perimeter."
        ]
      }
    },
    {
      "type": "Feature",
      "geometry": {
        "type": "Point",
        "coordinates": [
          -68.5139,
          10.453
        ]
      },
      "properties": {
        "incident_id": "GDACS-1548377",
        "country": "Venezuela",
        "region": "Yaracuy State",
        "locality": "Municipio Veroes",
        "season": "Summer",
        "disaster_type": "Earthquake",
        "emoji": "🌋",
        "risk_level": "High",
        "statistical_probability": "100.0%",
        "primary_reason": "Regional tectonic fault line movement.",
        "static_safety_tips": [
          "Monitor local authorities for real-time guidance."
        ],
        "dynamic_precautions": [
          "Avoid the immediate affected perimeter."
        ]
      }
    },
    {
      "type": "Feature",
      "geometry": {
        "type": "Point",
        "coordinates": [
          -68.5277,
          10.436
        ]
      },
      "properties": {
        "incident_id": "GDACS-1548473",
        "country": "Venezuela",
        "region": "Yaracuy State",
        "locality": "Municipio Veroes",
        "season": "Summer",
        "disaster_type": "Earthquake",
        "emoji": "🌋",
        "risk_level": "High",
        "statistical_probability": "100.0%",
        "primary_reason": "Regional tectonic fault line movement.",
        "static_safety_tips": [
          "Monitor local authorities for real-time guidance."
        ],
        "dynamic_precautions": [
          "Avoid the immediate affected perimeter."
        ]
      }
    },
    {
      "type": "Feature",
      "geometry": {
        "type": "Point",
        "coordinates": [
          95.4028,
          37.8888
        ]
      },
      "properties": {
        "incident_id": "GDACS-1546719",
        "country": "China",
        "region": "Qinghai",
        "locality": "Qaidam",
        "season": "Summer",
        "disaster_type": "Earthquake",
        "emoji": "🌋",
        "risk_level": "High",
        "statistical_probability": "100.0%",
        "primary_reason": "Regional tectonic fault line movement.",
        "static_safety_tips": [
          "Monitor local authorities for real-time guidance."
        ],
        "dynamic_precautions": [
          "Avoid the immediate affected perimeter."
        ]
      }
    },
    {
      "type": "Feature",
      "geometry": {
        "type": "Point",
        "coordinates": [
          120.2301,
          -1.1312
        ]
      },
      "properties": {
        "incident_id": "GDACS-1546617",
        "country": "Indonesia",
        "region": "Central Sulawesi",
        "locality": "Central Sulawesi",
        "season": "Summer",
        "disaster_type": "Earthquake",
        "emoji": "🌋",
        "risk_level": "High",
        "statistical_probability": "100.0%",
        "primary_reason": "Regional tectonic fault line movement.",
        "static_safety_tips": [
          "Monitor local authorities for real-time guidance."
        ],
        "dynamic_precautions": [
          "Avoid the immediate affected perimeter."
        ]
      }
    },
    {
      "type": "Feature",
      "geometry": {
        "type": "Point",
        "coordinates": [
          125.0469,
          5.5918
        ]
      },
      "properties": {
        "incident_id": "GDACS-1544720",
        "country": "Philippines",
        "region": "Philippines",
        "locality": "Philippines",
        "season": "Summer",
        "disaster_type": "Earthquake",
        "emoji": "🌋",
        "risk_level": "High",
        "statistical_probability": "100.0%",
        "primary_reason": "Regional tectonic fault line movement.",
        "static_safety_tips": [
          "Monitor local authorities for real-time guidance."
        ],
        "dynamic_precautions": [
          "Avoid the immediate affected perimeter."
        ]
      }
    },
    {
      "type": "Feature",
      "geometry": {
        "type": "Point",
        "coordinates": [
          109.2073,
          24.4799
        ]
      },
      "properties": {
        "incident_id": "GDACS-1541314",
        "country": "China",
        "region": "Guangxi",
        "locality": "Liucheng County",
        "season": "Spring",
        "disaster_type": "Earthquake",
        "emoji": "🌋",
        "risk_level": "High",
        "statistical_probability": "100.0%",
        "primary_reason": "Regional tectonic fault line movement.",
        "static_safety_tips": [
          "Monitor local authorities for real-time guidance."
        ],
        "dynamic_precautions": [
          "Avoid the immediate affected perimeter."
        ]
      }
    },
    {
      "type": "Feature",
      "geometry": {
        "type": "Point",
        "coordinates": [
          127.8783,
          1.6992
        ]
      },
      "properties": {
        "incident_id": "GDACS-1000140",
        "country": "Indonesia",
        "region": "North Maluku",
        "locality": "Halmahera Utara",
        "season": "Spring",
        "disaster_type": "Earthquake",
        "emoji": "🌋",
        "risk_level": "High",
        "statistical_probability": "100.0%",
        "primary_reason": "Regional tectonic fault line movement.",
        "static_safety_tips": [
          "Monitor local authorities for real-time guidance."
        ],
        "dynamic_precautions": [
          "Avoid the immediate affected perimeter."
        ]
      }
    },
    {
      "type": "Feature",
      "geometry": {
        "type": "Point",
        "coordinates": [
          -60.785,
          -34.19
        ]
      },
      "properties": {
        "incident_id": "GDACS-1018327",
        "country": "Argentina",
        "region": "Buenos Aires",
        "locality": "Buenos Aires",
        "season": "Autumn",
        "disaster_type": "Drought",
        "emoji": "🏜️",
        "risk_level": "High",
        "statistical_probability": "100.0%",
        "primary_reason": "Prolonged deficit in seasonal precipitation combined with high evaporation.",
        "static_safety_tips": [
          "Monitor local authorities for real-time guidance."
        ],
        "dynamic_precautions": [
          "Avoid the immediate affected perimeter."
        ]
      }
    },
    {
      "type": "Feature",
      "geometry": {
        "type": "Point",
        "coordinates": [
          63.9466,
          32.1032
        ]
      },
      "properties": {
        "incident_id": "GDACS-1103815",
        "country": "Afghanistan",
        "region": "Helmand Province",
        "locality": "Washir",
        "season": "Spring",
        "disaster_type": "Flood",
        "emoji": "🌊",
        "risk_level": "High",
        "statistical_probability": "100.0%",
        "primary_reason": "Intense torrential rainfall leading to overwhelmed storm runoff channels.",
        "static_safety_tips": [
          "Monitor local authorities for real-time guidance."
        ],
        "dynamic_precautions": [
          "Avoid the immediate affected perimeter."
        ]
      }
    },
    {
      "type": "Feature",
      "geometry": {
        "type": "Point",
        "coordinates": [
          -70.5265,
          -9.0479
        ]
      },
      "properties": {
        "incident_id": "GDACS-1103757",
        "country": "Brazil",
        "region": "Acre",
        "locality": "Feijó",
        "season": "Winter",
        "disaster_type": "Flood",
        "emoji": "🌊",
        "risk_level": "High",
        "statistical_probability": "100.0%",
        "primary_reason": "Intense torrential rainfall leading to overwhelmed storm runoff channels.",
        "static_safety_tips": [
          "Monitor local authorities for real-time guidance."
        ],
        "dynamic_precautions": [
          "Avoid the immediate affected perimeter."
        ]
      }
    },
    {
      "type": "Feature",
      "geometry": {
        "type": "Point",
        "coordinates": [
          43.899,
          2.053
        ]
      },
      "properties": {
        "incident_id": "GDACS-1017863",
        "country": "Somalia",
        "region": "Bay",
        "locality": "Burhakaba District",
        "season": "Spring",
        "disaster_type": "Drought",
        "emoji": "🏜️",
        "risk_level": "High",
        "statistical_probability": "100.0%",
        "primary_reason": "Prolonged deficit in seasonal precipitation combined with high evaporation.",
        "static_safety_tips": [
          "Monitor local authorities for real-time guidance."
        ],
        "dynamic_precautions": [
          "Avoid the immediate affected perimeter."
        ]
      }
    },
    {
      "type": "Feature",
      "geometry": {
        "type": "Point",
        "coordinates": [
          123.132,
          10.412
        ]
      },
      "properties": {
        "incident_id": "GDACS-1000138",
        "country": "Philippines",
        "region": "Negros Occidental",
        "locality": "Bago",
        "season": "Spring",
        "disaster_type": "Earthquake",
        "emoji": "🌋",
        "risk_level": "High",
        "statistical_probability": "100.0%",
        "primary_reason": "Regional tectonic fault line movement.",
        "static_safety_tips": [
          "Monitor local authorities for real-time guidance."
        ],
        "dynamic_precautions": [
          "Avoid the immediate affected perimeter."
        ]
      }
    },
    {
      "type": "Feature",
      "geometry": {
        "type": "Point",
        "coordinates": [
          37.2621,
          6.1701
        ]
      },
      "properties": {
        "incident_id": "GDACS-1103798",
        "country": "Ethiopia",
        "region": "South Ethiopia Regional State",
        "locality": "South Ethiopia Regional State",
        "season": "Spring",
        "disaster_type": "Flood",
        "emoji": "🌊",
        "risk_level": "High",
        "statistical_probability": "100.0%",
        "primary_reason": "Intense torrential rainfall leading to overwhelmed storm runoff channels.",
        "static_safety_tips": [
          "Monitor local authorities for real-time guidance."
        ],
        "dynamic_precautions": [
          "Avoid the immediate affected perimeter."
        ]
      }
    },
    {
      "type": "Feature",
      "geometry": {
        "type": "Point",
        "coordinates": [
          10.941,
          48.056
        ]
      },
      "properties": {
        "incident_id": "GDACS-1018332",
        "country": "Germany",
        "region": "Bavaria",
        "locality": "Landkreis Landsberg am Lech",
        "season": "Winter",
        "disaster_type": "Drought",
        "emoji": "🏜️",
        "risk_level": "High",
        "statistical_probability": "100.0%",
        "primary_reason": "Prolonged deficit in seasonal precipitation combined with high evaporation.",
        "static_safety_tips": [
          "Monitor local authorities for real-time guidance."
        ],
        "dynamic_precautions": [
          "Avoid the immediate affected perimeter."
        ]
      }
    },
    {
      "type": "Feature",
      "geometry": {
        "type": "Point",
        "coordinates": [
          47.727,
          -17.69
        ]
      },
      "properties": {
        "incident_id": "GDACS-1018431",
        "country": "Madagascar",
        "region": "Betsiboka",
        "locality": "Tsaratanana",
        "season": "Autumn",
        "disaster_type": "Drought",
        "emoji": "🏜️",
        "risk_level": "High",
        "statistical_probability": "100.0%",
        "primary_reason": "Prolonged deficit in seasonal precipitation combined with high evaporation.",
        "static_safety_tips": [
          "Monitor local authorities for real-time guidance."
        ],
        "dynamic_precautions": [
          "Avoid the immediate affected perimeter."
        ]
      }
    },
    {
      "type": "Feature",
      "geometry": {
        "type": "Point",
        "coordinates": [
          -60.785,
          -34.19
        ]
      },
      "properties": {
        "incident_id": "GDACS-1018327",
        "country": "Argentina",
        "region": "Buenos Aires",
        "locality": "Buenos Aires",
        "season": "Autumn",
        "disaster_type": "Drought",
        "emoji": "🏜️",
        "risk_level": "High",
        "statistical_probability": "100.0%",
        "primary_reason": "Prolonged deficit in seasonal precipitation combined with high evaporation.",
        "static_safety_tips": [
          "Monitor local authorities for real-time guidance."
        ],
        "dynamic_precautions": [
          "Avoid the immediate affected perimeter."
        ]
      }
    },
    {
      "type": "Feature",
      "geometry": {
        "type": "Point",
        "coordinates": [
          -70.5265,
          -9.0479
        ]
      },
      "properties": {
        "incident_id": "GDACS-1103757",
        "country": "Brazil",
        "region": "Acre",
        "locality": "Feijó",
        "season": "Winter",
        "disaster_type": "Flood",
        "emoji": "🌊",
        "risk_level": "High",
        "statistical_probability": "100.0%",
        "primary_reason": "Intense torrential rainfall leading to overwhelmed storm runoff channels.",
        "static_safety_tips": [
          "Monitor local authorities for real-time guidance."
        ],
        "dynamic_precautions": [
          "Avoid the immediate affected perimeter."
        ]
      }
    },
    {
      "type": "Feature",
      "geometry": {
        "type": "Point",
        "coordinates": [
          43.899,
          2.053
        ]
      },
      "properties": {
        "incident_id": "GDACS-1017863",
        "country": "Somalia",
        "region": "Bay",
        "locality": "Burhakaba District",
        "season": "Spring",
        "disaster_type": "Drought",
        "emoji": "🏜️",
        "risk_level": "High",
        "statistical_probability": "100.0%",
        "primary_reason": "Prolonged deficit in seasonal precipitation combined with high evaporation.",
        "static_safety_tips": [
          "Monitor local authorities for real-time guidance."
        ],
        "dynamic_precautions": [
          "Avoid the immediate affected perimeter."
        ]
      }
    },
    {
      "type": "Feature",
      "geometry": {
        "type": "Point",
        "coordinates": [
          28.7062,
          -0.5646
        ]
      },
      "properties": {
        "incident_id": "GDACS-1103784",
        "country": "Democratic Republic of the Congo",
        "region": "North Kivu",
        "locality": "Walikale",
        "season": "Winter",
        "disaster_type": "Flood",
        "emoji": "🌊",
        "risk_level": "High",
        "statistical_probability": "100.0%",
        "primary_reason": "Intense torrential rainfall leading to overwhelmed storm runoff channels.",
        "static_safety_tips": [
          "Monitor local authorities for real-time guidance."
        ],
        "dynamic_precautions": [
          "Avoid the immediate affected perimeter."
        ]
      }
    },
    {
      "type": "Feature",
      "geometry": {
        "type": "Point",
        "coordinates": [
          89.1394,
          22.4513
        ]
      },
      "properties": {
        "incident_id": "GDACS-1526507",
        "country": "Bangladesh",
        "region": "Khulna Division",
        "locality": "Kaliganj Upazila (Satkhira)",
        "season": "Winter",
        "disaster_type": "Earthquake",
        "emoji": "🌋",
        "risk_level": "High",
        "statistical_probability": "100.0%",
        "primary_reason": "Regional tectonic fault line movement.",
        "static_safety_tips": [
          "Monitor local authorities for real-time guidance."
        ],
        "dynamic_precautions": [
          "Avoid the immediate affected perimeter."
        ]
      }
    },
    {
      "type": "Feature",
      "geometry": {
        "type": "Point",
        "coordinates": [
          34.7383,
          -20.1562
        ]
      },
      "properties": {
        "incident_id": "GDACS-1103694",
        "country": "Mozambique",
        "region": "Sofala Province",
        "locality": "Sofala Province",
        "season": "Winter",
        "disaster_type": "Flood",
        "emoji": "🌊",
        "risk_level": "High",
        "statistical_probability": "100.0%",
        "primary_reason": "Intense torrential rainfall leading to overwhelmed storm runoff channels.",
        "static_safety_tips": [
          "Monitor local authorities for real-time guidance."
        ],
        "dynamic_precautions": [
          "Avoid the immediate affected perimeter."
        ]
      }
    },
    {
      "type": "Feature",
      "geometry": {
        "type": "Point",
        "coordinates": [
          -72.9302,
          -36.7946
        ]
      },
      "properties": {
        "incident_id": "GDACS-1027016",
        "country": "Chile",
        "region": "Biobio Region",
        "locality": "Concepcion",
        "season": "Winter",
        "disaster_type": "Wildfire",
        "emoji": "🔥",
        "risk_level": "High",
        "statistical_probability": "100.0%",
        "primary_reason": "High heat index combined with sustained winds and dry vegetation.",
        "static_safety_tips": [
          "Monitor local authorities for real-time guidance."
        ],
        "dynamic_precautions": [
          "Avoid the immediate affected perimeter."
        ]
      }
    },
    {
      "type": "Feature",
      "geometry": {
        "type": "Point",
        "coordinates": [
          29.3959,
          -23.4735
        ]
      },
      "properties": {
        "incident_id": "GDACS-1103735",
        "country": "South Africa",
        "region": "Limpopo",
        "locality": "Molemole Local Municipality",
        "season": "Winter",
        "disaster_type": "Flood",
        "emoji": "🌊",
        "risk_level": "High",
        "statistical_probability": "100.0%",
        "primary_reason": "Intense torrential rainfall leading to overwhelmed storm runoff channels.",
        "static_safety_tips": [
          "Monitor local authorities for real-time guidance."
        ],
        "dynamic_precautions": [
          "Avoid the immediate affected perimeter."
        ]
      }
    },
    {
      "type": "Feature",
      "geometry": {
        "type": "Point",
        "coordinates": [
          117.1462,
          -8.7893
        ]
      },
      "properties": {
        "incident_id": "GDACS-1103633",
        "country": "Indonesia",
        "region": "West Nusa Tenggara",
        "locality": "West Nusa Tenggara",
        "season": "Autumn",
        "disaster_type": "Flood",
        "emoji": "🌊",
        "risk_level": "High",
        "statistical_probability": "100.0%",
        "primary_reason": "Intense torrential rainfall leading to overwhelmed storm runoff channels.",
        "static_safety_tips": [
          "Monitor local authorities for real-time guidance."
        ],
        "dynamic_precautions": [
          "Avoid the immediate affected perimeter."
        ]
      }
    },
    {
      "type": "Feature",
      "geometry": {
        "type": "Point",
        "coordinates": [
          100.5684,
          13.8284
        ]
      },
      "properties": {
        "incident_id": "GDACS-1103663",
        "country": "Thailand",
        "region": "Thailand",
        "locality": "Bangkok",
        "season": "Winter",
        "disaster_type": "Flood",
        "emoji": "🌊",
        "risk_level": "High",
        "statistical_probability": "100.0%",
        "primary_reason": "Intense torrential rainfall leading to overwhelmed storm runoff channels.",
        "static_safety_tips": [
          "Monitor local authorities for real-time guidance."
        ],
        "dynamic_precautions": [
          "Avoid the immediate affected perimeter."
        ]
      }
    },
    {
      "type": "Feature",
      "geometry": {
        "type": "Point",
        "coordinates": [
          100.5684,
          13.8284
        ]
      },
      "properties": {
        "incident_id": "GDACS-1103646",
        "country": "Thailand",
        "region": "Thailand",
        "locality": "Bangkok",
        "season": "Winter",
        "disaster_type": "Flood",
        "emoji": "🌊",
        "risk_level": "High",
        "statistical_probability": "100.0%",
        "primary_reason": "Intense torrential rainfall leading to overwhelmed storm runoff channels.",
        "static_safety_tips": [
          "Monitor local authorities for real-time guidance."
        ],
        "dynamic_precautions": [
          "Avoid the immediate affected perimeter."
        ]
      }
    },
    {
      "type": "Feature",
      "geometry": {
        "type": "Point",
        "coordinates": [
          80.6401,
          7.2143
        ]
      },
      "properties": {
        "incident_id": "GDACS-1103640",
        "country": "Sri Lanka",
        "region": "Central Province",
        "locality": "Central Province",
        "season": "Autumn",
        "disaster_type": "Flood",
        "emoji": "🌊",
        "risk_level": "High",
        "statistical_probability": "100.0%",
        "primary_reason": "Intense torrential rainfall leading to overwhelmed storm runoff channels.",
        "static_safety_tips": [
          "Monitor local authorities for real-time guidance."
        ],
        "dynamic_precautions": [
          "Avoid the immediate affected perimeter."
        ]
      }
    },
    {
      "type": "Feature",
      "geometry": {
        "type": "Point",
        "coordinates": [
          101.141,
          6.3345
        ]
      },
      "properties": {
        "incident_id": "GDACS-1103621",
        "country": "Thailand",
        "region": "Thailand",
        "locality": "Yaha District",
        "season": "Autumn",
        "disaster_type": "Flood",
        "emoji": "🌊",
        "risk_level": "High",
        "statistical_probability": "100.0%",
        "primary_reason": "Intense torrential rainfall leading to overwhelmed storm runoff channels.",
        "static_safety_tips": [
          "Monitor local authorities for real-time guidance."
        ],
        "dynamic_precautions": [
          "Avoid the immediate affected perimeter."
        ]
      }
    },
    {
      "type": "Feature",
      "geometry": {
        "type": "Point",
        "coordinates": [
          112.922,
          -8.108
        ]
      },
      "properties": {
        "incident_id": "GDACS-1000125",
        "country": "Indonesia",
        "region": "East Java",
        "locality": "Kabupaten Malang",
        "season": "Autumn",
        "disaster_type": "Earthquake",
        "emoji": "🌋",
        "risk_level": "High",
        "statistical_probability": "100.0%",
        "primary_reason": "Regional tectonic fault line movement.",
        "static_safety_tips": [
          "Monitor local authorities for real-time guidance."
        ],
        "dynamic_precautions": [
          "Avoid the immediate affected perimeter."
        ]
      }
    },
    {
      "type": "Feature",
      "geometry": {
        "type": "Point",
        "coordinates": [
          90.6489,
          23.8079
        ]
      },
      "properties": {
        "incident_id": "GDACS-1511252",
        "country": "Bangladesh",
        "region": "Dhaka Division",
        "locality": "Narsingdi",
        "season": "Autumn",
        "disaster_type": "Earthquake",
        "emoji": "🌋",
        "risk_level": "High",
        "statistical_probability": "100.0%",
        "primary_reason": "Regional tectonic fault line movement.",
        "static_safety_tips": [
          "Monitor local authorities for real-time guidance."
        ],
        "dynamic_precautions": [
          "Avoid the immediate affected perimeter."
        ]
      }
    },
    {
      "type": "Feature",
      "geometry": {
        "type": "Point",
        "coordinates": [
          109.1,
          13.6
        ]
      },
      "properties": {
        "incident_id": "GDACS-1001233",
        "country": "Vietnam",
        "region": "Gia Lai Province",
        "locality": "Xã Canh Vinh",
        "season": "Autumn",
        "disaster_type": "Storm",
        "emoji": "🌪️",
        "risk_level": "High",
        "statistical_probability": "100.0%",
        "primary_reason": "Rapid low-pressure cyclonic front with localized gale winds.",
        "static_safety_tips": [
          "Monitor local authorities for real-time guidance."
        ],
        "dynamic_precautions": [
          "Avoid the immediate affected perimeter."
        ]
      }
    },
    {
      "type": "Feature",
      "geometry": {
        "type": "Point",
        "coordinates": [
          67.4843,
          36.5894
        ]
      },
      "properties": {
        "incident_id": "GDACS-1508467",
        "country": "Afghanistan",
        "region": "Samangan Province",
        "locality": "Fayroz Nakhchir",
        "season": "Autumn",
        "disaster_type": "Earthquake",
        "emoji": "🌋",
        "risk_level": "High",
        "statistical_probability": "100.0%",
        "primary_reason": "Regional tectonic fault line movement.",
        "static_safety_tips": [
          "Monitor local authorities for real-time guidance."
        ],
        "dynamic_precautions": [
          "Avoid the immediate affected perimeter."
        ]
      }
    },
    {
      "type": "Feature",
      "geometry": {
        "type": "Point",
        "coordinates": [
          -76.4272,
          20.3701
        ]
      },
      "properties": {
        "incident_id": "GDACS-1103585",
        "country": "Cuba",
        "region": "Cuba",
        "locality": "Jiguaní",
        "season": "Autumn",
        "disaster_type": "Flood",
        "emoji": "🌊",
        "risk_level": "High",
        "statistical_probability": "100.0%",
        "primary_reason": "Intense torrential rainfall leading to overwhelmed storm runoff channels.",
        "static_safety_tips": [
          "Monitor local authorities for real-time guidance."
        ],
        "dynamic_precautions": [
          "Avoid the immediate affected perimeter."
        ]
      }
    },
    {
      "type": "Feature",
      "geometry": {
        "type": "Point",
        "coordinates": [
          81.4,
          16.9
        ]
      },
      "properties": {
        "incident_id": "GDACS-1001232",
        "country": "India",
        "region": "Andhra Pradesh",
        "locality": "Nallajerla",
        "season": "Autumn",
        "disaster_type": "Storm",
        "emoji": "🌪️",
        "risk_level": "High",
        "statistical_probability": "100.0%",
        "primary_reason": "Rapid low-pressure cyclonic front with localized gale winds.",
        "static_safety_tips": [
          "Monitor local authorities for real-time guidance."
        ],
        "dynamic_precautions": [
          "Avoid the immediate affected perimeter."
        ]
      }
    },
    {
      "type": "Feature",
      "geometry": {
        "type": "Point",
        "coordinates": [
          28.2462,
          39.1921
        ]
      },
      "properties": {
        "incident_id": "GDACS-1507329",
        "country": "Turkey",
        "region": "Marmara Region",
        "locality": "Sındırgı",
        "season": "Autumn",
        "disaster_type": "Earthquake",
        "emoji": "🌋",
        "risk_level": "High",
        "statistical_probability": "100.0%",
        "primary_reason": "Regional tectonic fault line movement.",
        "static_safety_tips": [
          "Monitor local authorities for real-time guidance."
        ],
        "dynamic_precautions": [
          "Avoid the immediate affected perimeter."
        ]
      }
    },
    {
      "type": "Feature",
      "geometry": {
        "type": "Point",
        "coordinates": [
          108.6,
          16.0
        ]
      },
      "properties": {
        "incident_id": "GDACS-1001229",
        "country": "Vietnam",
        "region": "Vietnam",
        "locality": "Đà Nẵng",
        "season": "Autumn",
        "disaster_type": "Storm",
        "emoji": "🌪️",
        "risk_level": "High",
        "statistical_probability": "100.0%",
        "primary_reason": "Rapid low-pressure cyclonic front with localized gale winds.",
        "static_safety_tips": [
          "Monitor local authorities for real-time guidance."
        ],
        "dynamic_precautions": [
          "Avoid the immediate affected perimeter."
        ]
      }
    },
    {
      "type": "Feature",
      "geometry": {
        "type": "Point",
        "coordinates": [
          122.775,
          -8.542
        ]
      },
      "properties": {
        "incident_id": "GDACS-1000122",
        "country": "Indonesia",
        "region": "East Nusa Tenggara",
        "locality": "Flores Timur",
        "season": "Autumn",
        "disaster_type": "Earthquake",
        "emoji": "🌋",
        "risk_level": "High",
        "statistical_probability": "100.0%",
        "primary_reason": "Regional tectonic fault line movement.",
        "static_safety_tips": [
          "Monitor local authorities for real-time guidance."
        ],
        "dynamic_precautions": [
          "Avoid the immediate affected perimeter."
        ]
      }
    },
    {
      "type": "Feature",
      "geometry": {
        "type": "Point",
        "coordinates": [
          123.9375,
          10.9457
        ]
      },
      "properties": {
        "incident_id": "GDACS-1504796",
        "country": "Philippines",
        "region": "Cebu",
        "locality": "Cebu",
        "season": "Autumn",
        "disaster_type": "Earthquake",
        "emoji": "🌋",
        "risk_level": "High",
        "statistical_probability": "100.0%",
        "primary_reason": "Regional tectonic fault line movement.",
        "static_safety_tips": [
          "Monitor local authorities for real-time guidance."
        ],
        "dynamic_precautions": [
          "Avoid the immediate affected perimeter."
        ]
      }
    },
    {
      "type": "Feature",
      "geometry": {
        "type": "Point",
        "coordinates": [
          39.8663,
          13.7902
        ]
      },
      "properties": {
        "incident_id": "GDACS-1504616",
        "country": "Ethiopia",
        "region": "Afar Region",
        "locality": "Afar Region",
        "season": "Autumn",
        "disaster_type": "Earthquake",
        "emoji": "🌋",
        "risk_level": "High",
        "statistical_probability": "100.0%",
        "primary_reason": "Regional tectonic fault line movement.",
        "static_safety_tips": [
          "Monitor local authorities for real-time guidance."
        ],
        "dynamic_precautions": [
          "Avoid the immediate affected perimeter."
        ]
      }
    },
    {
      "type": "Feature",
      "geometry": {
        "type": "Point",
        "coordinates": [
          126.7545,
          7.2649
        ]
      },
      "properties": {
        "incident_id": "GDACS-1504268",
        "country": "Philippines",
        "region": "Philippines",
        "locality": "Philippines",
        "season": "Autumn",
        "disaster_type": "Earthquake",
        "emoji": "🌋",
        "risk_level": "High",
        "statistical_probability": "50.0%",
        "primary_reason": "Regional tectonic fault line movement.",
        "static_safety_tips": [
          "Monitor local authorities for real-time guidance."
        ],
        "dynamic_precautions": [
          "Avoid the immediate affected perimeter."
        ]
      }
    },
    {
      "type": "Feature",
      "geometry": {
        "type": "Point",
        "coordinates": [
          5.6575,
          13.7542
        ]
      },
      "properties": {
        "incident_id": "GDACS-1103479",
        "country": "Nigeria",
        "region": "Sokoto State",
        "locality": "Gada",
        "season": "Summer",
        "disaster_type": "Flood",
        "emoji": "🌊",
        "risk_level": "High",
        "statistical_probability": "100.0%",
        "primary_reason": "Intense torrential rainfall leading to overwhelmed storm runoff channels.",
        "static_safety_tips": [
          "Monitor local authorities for real-time guidance."
        ],
        "dynamic_precautions": [
          "Avoid the immediate affected perimeter."
        ]
      }
    },
    {
      "type": "Feature",
      "geometry": {
        "type": "Point",
        "coordinates": [
          99.92,
          30.9113
        ]
      },
      "properties": {
        "incident_id": "GDACS-1504188",
        "country": "China",
        "region": "Sichuan",
        "locality": "Xinlong County",
        "season": "Autumn",
        "disaster_type": "Earthquake",
        "emoji": "🌋",
        "risk_level": "High",
        "statistical_probability": "100.0%",
        "primary_reason": "Regional tectonic fault line movement.",
        "static_safety_tips": [
          "Monitor local authorities for real-time guidance."
        ],
        "dynamic_precautions": [
          "Avoid the immediate affected perimeter."
        ]
      }
    },
    {
      "type": "Feature",
      "geometry": {
        "type": "Point",
        "coordinates": [
          76.6203,
          31.3678
        ]
      },
      "properties": {
        "incident_id": "GDACS-1103434",
        "country": "India",
        "region": "Himachal Pradesh",
        "locality": "Bilaspur",
        "season": "Summer",
        "disaster_type": "Flood",
        "emoji": "🌊",
        "risk_level": "High",
        "statistical_probability": "100.0%",
        "primary_reason": "Intense torrential rainfall leading to overwhelmed storm runoff channels.",
        "static_safety_tips": [
          "Monitor local authorities for real-time guidance."
        ],
        "dynamic_precautions": [
          "Avoid the immediate affected perimeter."
        ]
      }
    },
    {
      "type": "Feature",
      "geometry": {
        "type": "Point",
        "coordinates": [
          87.9248,
          26.94
        ]
      },
      "properties": {
        "incident_id": "GDACS-1103540",
        "country": "Nepal",
        "region": "Koshi Province",
        "locality": "Ilam",
        "season": "Autumn",
        "disaster_type": "Flood",
        "emoji": "🌊",
        "risk_level": "High",
        "statistical_probability": "100.0%",
        "primary_reason": "Intense torrential rainfall leading to overwhelmed storm runoff channels.",
        "static_safety_tips": [
          "Monitor local authorities for real-time guidance."
        ],
        "dynamic_precautions": [
          "Avoid the immediate affected perimeter."
        ]
      }
    },
    {
      "type": "Feature",
      "geometry": {
        "type": "Point",
        "coordinates": [
          108.5,
          21.9
        ]
      },
      "properties": {
        "incident_id": "GDACS-1001219",
        "country": "China",
        "region": "Guangxi",
        "locality": "Qinzhou",
        "season": "Autumn",
        "disaster_type": "Storm",
        "emoji": "🌪️",
        "risk_level": "High",
        "statistical_probability": "100.0%",
        "primary_reason": "Rapid low-pressure cyclonic front with localized gale winds.",
        "static_safety_tips": [
          "Monitor local authorities for real-time guidance."
        ],
        "dynamic_precautions": [
          "Avoid the immediate affected perimeter."
        ]
      }
    },
    {
      "type": "Feature",
      "geometry": {
        "type": "Point",
        "coordinates": [
          84.7,
          19.5
        ]
      },
      "properties": {
        "incident_id": "GDACS-1001218",
        "country": "India",
        "region": "Odisha",
        "locality": "Seragad",
        "season": "Autumn",
        "disaster_type": "Storm",
        "emoji": "🌪️",
        "risk_level": "High",
        "statistical_probability": "100.0%",
        "primary_reason": "Rapid low-pressure cyclonic front with localized gale winds.",
        "static_safety_tips": [
          "Monitor local authorities for real-time guidance."
        ],
        "dynamic_precautions": [
          "Avoid the immediate affected perimeter."
        ]
      }
    },
    {
      "type": "Feature",
      "geometry": {
        "type": "Point",
        "coordinates": [
          124.1376,
          11.1514
        ]
      },
      "properties": {
        "incident_id": "GDACS-1502713",
        "country": "Philippines",
        "region": "Cebu",
        "locality": "Cebu",
        "season": "Autumn",
        "disaster_type": "Earthquake",
        "emoji": "🌋",
        "risk_level": "High",
        "statistical_probability": "100.0%",
        "primary_reason": "Regional tectonic fault line movement.",
        "static_safety_tips": [
          "Monitor local authorities for real-time guidance."
        ],
        "dynamic_precautions": [
          "Avoid the immediate affected perimeter."
        ]
      }
    },
    {
      "type": "Feature",
      "geometry": {
        "type": "Point",
        "coordinates": [
          106.2,
          18.2
        ]
      },
      "properties": {
        "incident_id": "GDACS-1001214",
        "country": "Vietnam",
        "region": "Hà Tĩnh Province",
        "locality": "Kỳ Anh Commune",
        "season": "Autumn",
        "disaster_type": "Storm",
        "emoji": "🌪️",
        "risk_level": "High",
        "statistical_probability": "100.0%",
        "primary_reason": "Rapid low-pressure cyclonic front with localized gale winds.",
        "static_safety_tips": [
          "Monitor local authorities for real-time guidance."
        ],
        "dynamic_precautions": [
          "Avoid the immediate affected perimeter."
        ]
      }
    },
    {
      "type": "Feature",
      "geometry": {
        "type": "Point",
        "coordinates": [
          44.9167,
          12.8333
        ]
      },
      "properties": {
        "incident_id": "GDACS-1103504",
        "country": "Yemen",
        "region": "Aden Governorate",
        "locality": "Aden Governorate",
        "season": "Autumn",
        "disaster_type": "Flood",
        "emoji": "🌊",
        "risk_level": "High",
        "statistical_probability": "100.0%",
        "primary_reason": "Intense torrential rainfall leading to overwhelmed storm runoff channels.",
        "static_safety_tips": [
          "Monitor local authorities for real-time guidance."
        ],
        "dynamic_precautions": [
          "Avoid the immediate affected perimeter."
        ]
      }
    },
    {
      "type": "Feature",
      "geometry": {
        "type": "Point",
        "coordinates": [
          -70.6916,
          9.9272
        ]
      },
      "properties": {
        "incident_id": "GDACS-1501948",
        "country": "Venezuela",
        "region": "Trujillo State",
        "locality": "Municipio José Felipe Márquez Cañizales",
        "season": "Autumn",
        "disaster_type": "Earthquake",
        "emoji": "🌋",
        "risk_level": "High",
        "statistical_probability": "100.0%",
        "primary_reason": "Regional tectonic fault line movement.",
        "static_safety_tips": [
          "Monitor local authorities for real-time guidance."
        ],
        "dynamic_precautions": [
          "Avoid the immediate affected perimeter."
        ]
      }
    },
    {
      "type": "Feature",
      "geometry": {
        "type": "Point",
        "coordinates": [
          114.1849,
          22.3506
        ]
      },
      "properties": {
        "incident_id": "GDACS-1103514",
        "country": "China",
        "region": "New Territories",
        "locality": "Hong Kong",
        "season": "Autumn",
        "disaster_type": "Flood",
        "emoji": "🌊",
        "risk_level": "High",
        "statistical_probability": "100.0%",
        "primary_reason": "Intense torrential rainfall leading to overwhelmed storm runoff channels.",
        "static_safety_tips": [
          "Monitor local authorities for real-time guidance."
        ],
        "dynamic_precautions": [
          "Avoid the immediate affected perimeter."
        ]
      }
    },
    {
      "type": "Feature",
      "geometry": {
        "type": "Point",
        "coordinates": [
          -70.7174,
          9.9222
        ]
      },
      "properties": {
        "incident_id": "GDACS-1501915",
        "country": "Venezuela",
        "region": "Lara State",
        "locality": "Municipio Torres",
        "season": "Autumn",
        "disaster_type": "Earthquake",
        "emoji": "🌋",
        "risk_level": "High",
        "statistical_probability": "100.0%",
        "primary_reason": "Regional tectonic fault line movement.",
        "static_safety_tips": [
          "Monitor local authorities for real-time guidance."
        ],
        "dynamic_precautions": [
          "Avoid the immediate affected perimeter."
        ]
      }
    },
    {
      "type": "Feature",
      "geometry": {
        "type": "Point",
        "coordinates": [
          111.1,
          21.8
        ]
      },
      "properties": {
        "incident_id": "GDACS-1001211",
        "country": "China",
        "region": "Guangdong",
        "locality": "Maoming City",
        "season": "Autumn",
        "disaster_type": "Storm",
        "emoji": "🌪️",
        "risk_level": "High",
        "statistical_probability": "100.0%",
        "primary_reason": "Rapid low-pressure cyclonic front with localized gale winds.",
        "static_safety_tips": [
          "Monitor local authorities for real-time guidance."
        ],
        "dynamic_precautions": [
          "Avoid the immediate affected perimeter."
        ]
      }
    },
    {
      "type": "Feature",
      "geometry": {
        "type": "Point",
        "coordinates": [
          -117.0244,
          34.8986
        ]
      },
      "properties": {
        "incident_id": "GDACS-1103339",
        "country": "United States",
        "region": "California",
        "locality": "Barstow",
        "season": "Summer",
        "disaster_type": "Flood",
        "emoji": "🌊",
        "risk_level": "High",
        "statistical_probability": "100.0%",
        "primary_reason": "Intense torrential rainfall leading to overwhelmed storm runoff channels.",
        "static_safety_tips": [
          "Monitor local authorities for real-time guidance."
        ],
        "dynamic_precautions": [
          "Avoid the immediate affected perimeter."
        ]
      }
    },
    {
      "type": "Feature",
      "geometry": {
        "type": "Point",
        "coordinates": [
          33.0,
          9.0
        ]
      },
      "properties": {
        "incident_id": "GDACS-1103506",
        "country": "South Sudan",
        "region": "Upper Nile",
        "locality": "KuanyLualThuan/Nasir",
        "season": "Summer",
        "disaster_type": "Flood",
        "emoji": "🌊",
        "risk_level": "High",
        "statistical_probability": "100.0%",
        "primary_reason": "Intense torrential rainfall leading to overwhelmed storm runoff channels.",
        "static_safety_tips": [
          "Monitor local authorities for real-time guidance."
        ],
        "dynamic_precautions": [
          "Avoid the immediate affected perimeter."
        ]
      }
    },
    {
      "type": "Feature",
      "geometry": {
        "type": "Point",
        "coordinates": [
          160.5129,
          53.1928
        ]
      },
      "properties": {
        "incident_id": "GDACS-1500811",
        "country": "Russia",
        "region": "Kamchatka Krai",
        "locality": "Kamchatka Krai",
        "season": "Autumn",
        "disaster_type": "Earthquake",
        "emoji": "🌋",
        "risk_level": "High",
        "statistical_probability": "100.0%",
        "primary_reason": "Regional tectonic fault line movement.",
        "static_safety_tips": [
          "Monitor local authorities for real-time guidance."
        ],
        "dynamic_precautions": [
          "Avoid the immediate affected perimeter."
        ]
      }
    },
    {
      "type": "Feature",
      "geometry": {
        "type": "Point",
        "coordinates": [
          92.1963,
          26.6066
        ]
      },
      "properties": {
        "incident_id": "GDACS-1500178",
        "country": "India",
        "region": "Assam",
        "locality": "Dalgaon (Pt)",
        "season": "Autumn",
        "disaster_type": "Earthquake",
        "emoji": "🌋",
        "risk_level": "High",
        "statistical_probability": "100.0%",
        "primary_reason": "Regional tectonic fault line movement.",
        "static_safety_tips": [
          "Monitor local authorities for real-time guidance."
        ],
        "dynamic_precautions": [
          "Avoid the immediate affected perimeter."
        ]
      }
    },
    {
      "type": "Feature",
      "geometry": {
        "type": "Point",
        "coordinates": [
          112.6,
          21.8
        ]
      },
      "properties": {
        "incident_id": "GDACS-1001206",
        "country": "China",
        "region": "Guangdong",
        "locality": "Jiangmen",
        "season": "Autumn",
        "disaster_type": "Storm",
        "emoji": "🌪️",
        "risk_level": "High",
        "statistical_probability": "100.0%",
        "primary_reason": "Rapid low-pressure cyclonic front with localized gale winds.",
        "static_safety_tips": [
          "Monitor local authorities for real-time guidance."
        ],
        "dynamic_precautions": [
          "Avoid the immediate affected perimeter."
        ]
      }
    },
    {
      "type": "Feature",
      "geometry": {
        "type": "Point",
        "coordinates": [
          122.775,
          -8.542
        ]
      },
      "properties": {
        "incident_id": "GDACS-1000108",
        "country": "Indonesia",
        "region": "East Nusa Tenggara",
        "locality": "Flores Timur",
        "season": "Winter",
        "disaster_type": "Earthquake",
        "emoji": "🌋",
        "risk_level": "High",
        "statistical_probability": "100.0%",
        "primary_reason": "Regional tectonic fault line movement.",
        "static_safety_tips": [
          "Monitor local authorities for real-time guidance."
        ],
        "dynamic_precautions": [
          "Avoid the immediate affected perimeter."
        ]
      }
    },
    {
      "type": "Feature",
      "geometry": {
        "type": "Point",
        "coordinates": [
          -90.88,
          14.473
        ]
      },
      "properties": {
        "incident_id": "GDACS-1000109",
        "country": "Guatemala",
        "region": "Sacatepéquez",
        "locality": "Alotenango",
        "season": "Spring",
        "disaster_type": "Earthquake",
        "emoji": "🌋",
        "risk_level": "High",
        "statistical_probability": "100.0%",
        "primary_reason": "Regional tectonic fault line movement.",
        "static_safety_tips": [
          "Monitor local authorities for real-time guidance."
        ],
        "dynamic_precautions": [
          "Avoid the immediate affected perimeter."
        ]
      }
    },
    {
      "type": "Feature",
      "geometry": {
        "type": "Point",
        "coordinates": [
          39.934,
          8.9563
        ]
      },
      "properties": {
        "incident_id": "GDACS-1468332",
        "country": "Ethiopia",
        "region": "Oromia Region",
        "locality": "Metehara",
        "season": "Winter",
        "disaster_type": "Earthquake",
        "emoji": "🌋",
        "risk_level": "High",
        "statistical_probability": "100.0%",
        "primary_reason": "Regional tectonic fault line movement.",
        "static_safety_tips": [
          "Monitor local authorities for real-time guidance."
        ],
        "dynamic_precautions": [
          "Avoid the immediate affected perimeter."
        ]
      }
    },
    {
      "type": "Feature",
      "geometry": {
        "type": "Point",
        "coordinates": [
          127.63,
          1.488
        ]
      },
      "properties": {
        "incident_id": "GDACS-1000106",
        "country": "Indonesia",
        "region": "North Maluku",
        "locality": "Halmahera Barat",
        "season": "Winter",
        "disaster_type": "Earthquake",
        "emoji": "🌋",
        "risk_level": "High",
        "statistical_probability": "100.0%",
        "primary_reason": "Regional tectonic fault line movement.",
        "static_safety_tips": [
          "Monitor local authorities for real-time guidance."
        ],
        "dynamic_precautions": [
          "Avoid the immediate affected perimeter."
        ]
      }
    },
    {
      "type": "Feature",
      "geometry": {
        "type": "Point",
        "coordinates": [
          -118.0901,
          34.2083
        ]
      },
      "properties": {
        "incident_id": "GDACS-1023277",
        "country": "United States",
        "region": "California",
        "locality": "Altadena",
        "season": "Winter",
        "disaster_type": "Wildfire",
        "emoji": "🔥",
        "risk_level": "High",
        "statistical_probability": "100.0%",
        "primary_reason": "High heat index combined with sustained winds and dry vegetation.",
        "static_safety_tips": [
          "Monitor local authorities for real-time guidance."
        ],
        "dynamic_precautions": [
          "Avoid the immediate affected perimeter."
        ]
      }
    },
    {
      "type": "Feature",
      "geometry": {
        "type": "Point",
        "coordinates": [
          -118.5698,
          34.0804
        ]
      },
      "properties": {
        "incident_id": "GDACS-1023255",
        "country": "United States",
        "region": "California",
        "locality": "Los Angeles",
        "season": "Winter",
        "disaster_type": "Wildfire",
        "emoji": "🔥",
        "risk_level": "High",
        "statistical_probability": "100.0%",
        "primary_reason": "High heat index combined with sustained winds and dry vegetation.",
        "static_safety_tips": [
          "Monitor local authorities for real-time guidance."
        ],
        "dynamic_precautions": [
          "Avoid the immediate affected perimeter."
        ]
      }
    },
    {
      "type": "Feature",
      "geometry": {
        "type": "Point",
        "coordinates": [
          40.1665,
          9.2627
        ]
      },
      "properties": {
        "incident_id": "GDACS-1461707",
        "country": "Ethiopia",
        "region": "Afar Region",
        "locality": "Afar Region",
        "season": "Winter",
        "disaster_type": "Earthquake",
        "emoji": "🌋",
        "risk_level": "High",
        "statistical_probability": "100.0%",
        "primary_reason": "Regional tectonic fault line movement.",
        "static_safety_tips": [
          "Monitor local authorities for real-time guidance."
        ],
        "dynamic_precautions": [
          "Avoid the immediate affected perimeter."
        ]
      }
    },
    {
      "type": "Feature",
      "geometry": {
        "type": "Point",
        "coordinates": [
          39.914,
          8.8947
        ]
      },
      "properties": {
        "incident_id": "GDACS-1461615",
        "country": "Ethiopia",
        "region": "Oromia Region",
        "locality": "Metehara",
        "season": "Winter",
        "disaster_type": "Earthquake",
        "emoji": "🌋",
        "risk_level": "High",
        "statistical_probability": "100.0%",
        "primary_reason": "Regional tectonic fault line movement.",
        "static_safety_tips": [
          "Monitor local authorities for real-time guidance."
        ],
        "dynamic_precautions": [
          "Avoid the immediate affected perimeter."
        ]
      }
    },
    {
      "type": "Feature",
      "geometry": {
        "type": "Point",
        "coordinates": [
          87.3608,
          28.639
        ]
      },
      "properties": {
        "incident_id": "GDACS-1461014",
        "country": "China",
        "region": "Xizang",
        "locality": "Qulho",
        "season": "Winter",
        "disaster_type": "Earthquake",
        "emoji": "🌋",
        "risk_level": "High",
        "statistical_probability": "100.0%",
        "primary_reason": "Regional tectonic fault line movement.",
        "static_safety_tips": [
          "Monitor local authorities for real-time guidance."
        ],
        "dynamic_precautions": [
          "Avoid the immediate affected perimeter."
        ]
      }
    },
    {
      "type": "Feature",
      "geometry": {
        "type": "Point",
        "coordinates": [
          40.13,
          9.35
        ]
      },
      "properties": {
        "incident_id": "GDACS-1000105",
        "country": "Ethiopia",
        "region": "Afar Region",
        "locality": "Afar Region",
        "season": "Winter",
        "disaster_type": "Earthquake",
        "emoji": "🌋",
        "risk_level": "High",
        "statistical_probability": "100.0%",
        "primary_reason": "Regional tectonic fault line movement.",
        "static_safety_tips": [
          "Monitor local authorities for real-time guidance."
        ],
        "dynamic_precautions": [
          "Avoid the immediate affected perimeter."
        ]
      }
    },
    {
      "type": "Feature",
      "geometry": {
        "type": "Point",
        "coordinates": [
          40.1535,
          9.4796
        ]
      },
      "properties": {
        "incident_id": "GDACS-1460587",
        "country": "Ethiopia",
        "region": "Afar Region",
        "locality": "Afar Region",
        "season": "Winter",
        "disaster_type": "Earthquake",
        "emoji": "🌋",
        "risk_level": "High",
        "statistical_probability": "100.0%",
        "primary_reason": "Regional tectonic fault line movement.",
        "static_safety_tips": [
          "Monitor local authorities for real-time guidance."
        ],
        "dynamic_precautions": [
          "Avoid the immediate affected perimeter."
        ]
      }
    },
    {
      "type": "Feature",
      "geometry": {
        "type": "Point",
        "coordinates": [
          40.4246,
          9.2986
        ]
      },
      "properties": {
        "incident_id": "GDACS-1460546",
        "country": "Ethiopia",
        "region": "Oromia Region",
        "locality": "Oromia Region",
        "season": "Winter",
        "disaster_type": "Earthquake",
        "emoji": "🌋",
        "risk_level": "High",
        "statistical_probability": "100.0%",
        "primary_reason": "Regional tectonic fault line movement.",
        "static_safety_tips": [
          "Monitor local authorities for real-time guidance."
        ],
        "dynamic_precautions": [
          "Avoid the immediate affected perimeter."
        ]
      }
    },
    {
      "type": "Feature",
      "geometry": {
        "type": "Point",
        "coordinates": [
          123.132,
          10.412
        ]
      },
      "properties": {
        "incident_id": "GDACS-1000104",
        "country": "Philippines",
        "region": "Negros Occidental",
        "locality": "Bago",
        "season": "Winter",
        "disaster_type": "Earthquake",
        "emoji": "🌋",
        "risk_level": "High",
        "statistical_probability": "100.0%",
        "primary_reason": "Regional tectonic fault line movement.",
        "static_safety_tips": [
          "Monitor local authorities for real-time guidance."
        ],
        "dynamic_precautions": [
          "Avoid the immediate affected perimeter."
        ]
      }
    },
    {
      "type": "Feature",
      "geometry": {
        "type": "Point",
        "coordinates": [
          168.0338,
          -17.6859
        ]
      },
      "properties": {
        "incident_id": "GDACS-1458084",
        "country": "Vanuatu",
        "region": "Shefa Province",
        "locality": "Shefa Province",
        "season": "Winter",
        "disaster_type": "Earthquake",
        "emoji": "🌋",
        "risk_level": "High",
        "statistical_probability": "100.0%",
        "primary_reason": "Regional tectonic fault line movement.",
        "static_safety_tips": [
          "Monitor local authorities for real-time guidance."
        ],
        "dynamic_precautions": [
          "Avoid the immediate affected perimeter."
        ]
      }
    },
    {
      "type": "Feature",
      "geometry": {
        "type": "Point",
        "coordinates": [
          33.77,
          -16.55
        ]
      },
      "properties": {
        "incident_id": "GDACS-1001131",
        "country": "Mozambique",
        "region": "Manica Province",
        "locality": "Guro",
        "season": "Winter",
        "disaster_type": "Storm",
        "emoji": "🌪️",
        "risk_level": "High",
        "statistical_probability": "100.0%",
        "primary_reason": "Rapid low-pressure cyclonic front with localized gale winds.",
        "static_safety_tips": [
          "Monitor local authorities for real-time guidance."
        ],
        "dynamic_precautions": [
          "Avoid the immediate affected perimeter."
        ]
      }
    },
    {
      "type": "Feature",
      "geometry": {
        "type": "Point",
        "coordinates": [
          79.9,
          12.1
        ]
      },
      "properties": {
        "incident_id": "GDACS-1001130",
        "country": "India",
        "region": "Tamil Nadu",
        "locality": "Marakanam",
        "season": "Autumn",
        "disaster_type": "Storm",
        "emoji": "🌪️",
        "risk_level": "High",
        "statistical_probability": "100.0%",
        "primary_reason": "Rapid low-pressure cyclonic front with localized gale winds.",
        "static_safety_tips": [
          "Monitor local authorities for real-time guidance."
        ],
        "dynamic_precautions": [
          "Avoid the immediate affected perimeter."
        ]
      }
    },
    {
      "type": "Feature",
      "geometry": {
        "type": "Point",
        "coordinates": [
          120.6,
          22.2
        ]
      },
      "properties": {
        "incident_id": "GDACS-1001126",
        "country": "Taiwan",
        "region": "Taiwan",
        "locality": "Taiwan",
        "season": "Autumn",
        "disaster_type": "Storm",
        "emoji": "🌪️",
        "risk_level": "High",
        "statistical_probability": "100.0%",
        "primary_reason": "Rapid low-pressure cyclonic front with localized gale winds.",
        "static_safety_tips": [
          "Monitor local authorities for real-time guidance."
        ],
        "dynamic_precautions": [
          "Avoid the immediate affected perimeter."
        ]
      }
    },
    {
      "type": "Feature",
      "geometry": {
        "type": "Point",
        "coordinates": [
          122.775,
          -8.542
        ]
      },
      "properties": {
        "incident_id": "GDACS-1000099",
        "country": "Indonesia",
        "region": "East Nusa Tenggara",
        "locality": "Flores Timur",
        "season": "Autumn",
        "disaster_type": "Earthquake",
        "emoji": "🌋",
        "risk_level": "High",
        "statistical_probability": "100.0%",
        "primary_reason": "Regional tectonic fault line movement.",
        "static_safety_tips": [
          "Monitor local authorities for real-time guidance."
        ],
        "dynamic_precautions": [
          "Avoid the immediate affected perimeter."
        ]
      }
    },
    {
      "type": "Feature",
      "geometry": {
        "type": "Point",
        "coordinates": [
          108.6,
          14.0
        ]
      },
      "properties": {
        "incident_id": "GDACS-1001121",
        "country": "Vietnam",
        "region": "Gia Lai Province",
        "locality": "An Khê",
        "season": "Autumn",
        "disaster_type": "Storm",
        "emoji": "🌪️",
        "risk_level": "High",
        "statistical_probability": "100.0%",
        "primary_reason": "Rapid low-pressure cyclonic front with localized gale winds.",
        "static_safety_tips": [
          "Monitor local authorities for real-time guidance."
        ],
        "dynamic_precautions": [
          "Avoid the immediate affected perimeter."
        ]
      }
    },
    {
      "type": "Feature",
      "geometry": {
        "type": "Point",
        "coordinates": [
          122.7312,
          12.7503
        ]
      },
      "properties": {
        "incident_id": "GDACS-1102998",
        "country": "Philippines",
        "region": "Philippines",
        "locality": "Philippines",
        "season": "Autumn",
        "disaster_type": "Flood",
        "emoji": "🌊",
        "risk_level": "High",
        "statistical_probability": "50.0%",
        "primary_reason": "Intense torrential rainfall leading to overwhelmed storm runoff channels.",
        "static_safety_tips": [
          "Monitor local authorities for real-time guidance."
        ],
        "dynamic_precautions": [
          "Avoid the immediate affected perimeter."
        ]
      }
    },
    {
      "type": "Feature",
      "geometry": {
        "type": "Point",
        "coordinates": [
          -2.6231999999999998,
          39.4178
        ]
      },
      "properties": {
        "incident_id": "GDACS-1102983",
        "country": "Spain",
        "region": "Castile-La Mancha",
        "locality": "Castile-La Mancha",
        "season": "Autumn",
        "disaster_type": "Flood",
        "emoji": "🌊",
        "risk_level": "High",
        "statistical_probability": "100.0%",
        "primary_reason": "Intense torrential rainfall leading to overwhelmed storm runoff channels.",
        "static_safety_tips": [
          "Monitor local authorities for real-time guidance."
        ],
        "dynamic_precautions": [
          "Avoid the immediate affected perimeter."
        ]
      }
    },
    {
      "type": "Feature",
      "geometry": {
        "type": "Point",
        "coordinates": [
          84.6897,
          20.5431
        ]
      },
      "properties": {
        "incident_id": "GDACS-1102974",
        "country": "India",
        "region": "Odisha",
        "locality": "Harbhanga",
        "season": "Autumn",
        "disaster_type": "Flood",
        "emoji": "🌊",
        "risk_level": "High",
        "statistical_probability": "100.0%",
        "primary_reason": "Intense torrential rainfall leading to overwhelmed storm runoff channels.",
        "static_safety_tips": [
          "Monitor local authorities for real-time guidance."
        ],
        "dynamic_precautions": [
          "Avoid the immediate affected perimeter."
        ]
      }
    },
    {
      "type": "Feature",
      "geometry": {
        "type": "Point",
        "coordinates": [
          86.9,
          20.8
        ]
      },
      "properties": {
        "incident_id": "GDACS-1001117",
        "country": "India",
        "region": "Odisha",
        "locality": "Dhamara Marine",
        "season": "Autumn",
        "disaster_type": "Storm",
        "emoji": "🌪️",
        "risk_level": "High",
        "statistical_probability": "100.0%",
        "primary_reason": "Rapid low-pressure cyclonic front with localized gale winds.",
        "static_safety_tips": [
          "Monitor local authorities for real-time guidance."
        ],
        "dynamic_precautions": [
          "Avoid the immediate affected perimeter."
        ]
      }
    },
    {
      "type": "Feature",
      "geometry": {
        "type": "Point",
        "coordinates": [
          -74.0,
          23.0
        ]
      },
      "properties": {
        "incident_id": "GDACS-1001114",
        "country": "Bahamas",
        "region": "Bahamas",
        "locality": "Crooked Island and Long Cay",
        "season": "Autumn",
        "disaster_type": "Storm",
        "emoji": "🌪️",
        "risk_level": "High",
        "statistical_probability": "100.0%",
        "primary_reason": "Rapid low-pressure cyclonic front with localized gale winds.",
        "static_safety_tips": [
          "Monitor local authorities for real-time guidance."
        ],
        "dynamic_precautions": [
          "Avoid the immediate affected perimeter."
        ]
      }
    },
    {
      "type": "Feature",
      "geometry": {
        "type": "Point",
        "coordinates": [
          -93.0,
          16.5
        ]
      },
      "properties": {
        "incident_id": "GDACS-1001113",
        "country": "Mexico",
        "region": "Chiapas",
        "locality": "Chiapa de Corzo",
        "season": "Autumn",
        "disaster_type": "Storm",
        "emoji": "🌪️",
        "risk_level": "High",
        "statistical_probability": "100.0%",
        "primary_reason": "Rapid low-pressure cyclonic front with localized gale winds.",
        "static_safety_tips": [
          "Monitor local authorities for real-time guidance."
        ],
        "dynamic_precautions": [
          "Avoid the immediate affected perimeter."
        ]
      }
    },
    {
      "type": "Feature",
      "geometry": {
        "type": "Point",
        "coordinates": [
          14.3788,
          13.5821
        ]
      },
      "properties": {
        "incident_id": "GDACS-1102960",
        "country": "Chad",
        "region": "Lac",
        "locality": "Baga-Sola",
        "season": "Autumn",
        "disaster_type": "Flood",
        "emoji": "🌊",
        "risk_level": "High",
        "statistical_probability": "100.0%",
        "primary_reason": "Intense torrential rainfall leading to overwhelmed storm runoff channels.",
        "static_safety_tips": [
          "Monitor local authorities for real-time guidance."
        ],
        "dynamic_precautions": [
          "Avoid the immediate affected perimeter."
        ]
      }
    },
    {
      "type": "Feature",
      "geometry": {
        "type": "Point",
        "coordinates": [
          38.8261,
          38.3086
        ]
      },
      "properties": {
        "incident_id": "GDACS-1449585",
        "country": "Turkey",
        "region": "Eastern Anatolia Region",
        "locality": "Pütürge",
        "season": "Autumn",
        "disaster_type": "Earthquake",
        "emoji": "🌋",
        "risk_level": "High",
        "statistical_probability": "100.0%",
        "primary_reason": "Regional tectonic fault line movement.",
        "static_safety_tips": [
          "Monitor local authorities for real-time guidance."
        ],
        "dynamic_precautions": [
          "Avoid the immediate affected perimeter."
        ]
      }
    },
    {
      "type": "Feature",
      "geometry": {
        "type": "Point",
        "coordinates": [
          17.0022,
          45.118
        ]
      },
      "properties": {
        "incident_id": "GDACS-1102933",
        "country": "Bosnia and Herzegovina",
        "region": "Republika Srpska",
        "locality": "Town of Gradiška",
        "season": "Autumn",
        "disaster_type": "Flood",
        "emoji": "🌊",
        "risk_level": "High",
        "statistical_probability": "100.0%",
        "primary_reason": "Intense torrential rainfall leading to overwhelmed storm runoff channels.",
        "static_safety_tips": [
          "Monitor local authorities for real-time guidance."
        ],
        "dynamic_precautions": [
          "Avoid the immediate affected perimeter."
        ]
      }
    },
    {
      "type": "Feature",
      "geometry": {
        "type": "Point",
        "coordinates": [
          120.9,
          23.0
        ]
      },
      "properties": {
        "incident_id": "GDACS-1001105",
        "country": "Taiwan",
        "region": "Taiwan",
        "locality": "Haiduan",
        "season": "Autumn",
        "disaster_type": "Storm",
        "emoji": "🌪️",
        "risk_level": "High",
        "statistical_probability": "100.0%",
        "primary_reason": "Rapid low-pressure cyclonic front with localized gale winds.",
        "static_safety_tips": [
          "Monitor local authorities for real-time guidance."
        ],
        "dynamic_precautions": [
          "Avoid the immediate affected perimeter."
        ]
      }
    },
    {
      "type": "Feature",
      "geometry": {
        "type": "Point",
        "coordinates": [
          22.4732,
          38.0817
        ]
      },
      "properties": {
        "incident_id": "GDACS-1022468",
        "country": "Greece",
        "region": "Peloponnese Region",
        "locality": "Municipal Unit of Xylokastro",
        "season": "Autumn",
        "disaster_type": "Wildfire",
        "emoji": "🔥",
        "risk_level": "High",
        "statistical_probability": "100.0%",
        "primary_reason": "High heat index combined with sustained winds and dry vegetation.",
        "static_safety_tips": [
          "Monitor local authorities for real-time guidance."
        ],
        "dynamic_precautions": [
          "Avoid the immediate affected perimeter."
        ]
      }
    },
    {
      "type": "Feature",
      "geometry": {
        "type": "Point",
        "coordinates": [
          84.0,
          28.378
        ]
      },
      "properties": {
        "incident_id": "GDACS-1102923",
        "country": "Nepal",
        "region": "Gandaki Province",
        "locality": "Kaski",
        "season": "Autumn",
        "disaster_type": "Flood",
        "emoji": "🌊",
        "risk_level": "High",
        "statistical_probability": "100.0%",
        "primary_reason": "Intense torrential rainfall leading to overwhelmed storm runoff channels.",
        "static_safety_tips": [
          "Monitor local authorities for real-time guidance."
        ],
        "dynamic_precautions": [
          "Avoid the immediate affected perimeter."
        ]
      }
    },
    {
      "type": "Feature",
      "geometry": {
        "type": "Point",
        "coordinates": [
          -103.5,
          18.5
        ]
      },
      "properties": {
        "incident_id": "GDACS-1001100",
        "country": "Mexico",
        "region": "Michoacán",
        "locality": "Aquila",
        "season": "Autumn",
        "disaster_type": "Storm",
        "emoji": "🌪️",
        "risk_level": "High",
        "statistical_probability": "100.0%",
        "primary_reason": "Rapid low-pressure cyclonic front with localized gale winds.",
        "static_safety_tips": [
          "Monitor local authorities for real-time guidance."
        ],
        "dynamic_precautions": [
          "Avoid the immediate affected perimeter."
        ]
      }
    },
    {
      "type": "Feature",
      "geometry": {
        "type": "Point",
        "coordinates": [
          -85.5,
          37.5
        ]
      },
      "properties": {
        "incident_id": "GDACS-1001101",
        "country": "United States",
        "region": "Kentucky",
        "locality": "Larue County",
        "season": "Autumn",
        "disaster_type": "Storm",
        "emoji": "🌪️",
        "risk_level": "High",
        "statistical_probability": "100.0%",
        "primary_reason": "Rapid low-pressure cyclonic front with localized gale winds.",
        "static_safety_tips": [
          "Monitor local authorities for real-time guidance."
        ],
        "dynamic_precautions": [
          "Avoid the immediate affected perimeter."
        ]
      }
    },
    {
      "type": "Feature",
      "geometry": {
        "type": "Point",
        "coordinates": [
          -8.4131,
          40.6978
        ]
      },
      "properties": {
        "incident_id": "GDACS-1022227",
        "country": "Portugal",
        "region": "Portugal",
        "locality": "Albergaria-a-Velha",
        "season": "Autumn",
        "disaster_type": "Wildfire",
        "emoji": "🔥",
        "risk_level": "High",
        "statistical_probability": "100.0%",
        "primary_reason": "High heat index combined with sustained winds and dry vegetation.",
        "static_safety_tips": [
          "Monitor local authorities for real-time guidance."
        ],
        "dynamic_precautions": [
          "Avoid the immediate affected perimeter."
        ]
      }
    },
    {
      "type": "Feature",
      "geometry": {
        "type": "Point",
        "coordinates": [
          -8.015,
          40.8813
        ]
      },
      "properties": {
        "incident_id": "GDACS-1022252",
        "country": "Portugal",
        "region": "Portugal",
        "locality": "Castro Daire",
        "season": "Autumn",
        "disaster_type": "Wildfire",
        "emoji": "🔥",
        "risk_level": "High",
        "statistical_probability": "100.0%",
        "primary_reason": "High heat index combined with sustained winds and dry vegetation.",
        "static_safety_tips": [
          "Monitor local authorities for real-time guidance."
        ],
        "dynamic_precautions": [
          "Avoid the immediate affected perimeter."
        ]
      }
    },
    {
      "type": "Feature",
      "geometry": {
        "type": "Point",
        "coordinates": [
          16.9561,
          49.8591
        ]
      },
      "properties": {
        "incident_id": "GDACS-1102899",
        "country": "Czechia",
        "region": "Olomouc Region",
        "locality": "Olomouc Region",
        "season": "Autumn",
        "disaster_type": "Flood",
        "emoji": "🌊",
        "risk_level": "High",
        "statistical_probability": "100.0%",
        "primary_reason": "Intense torrential rainfall leading to overwhelmed storm runoff channels.",
        "static_safety_tips": [
          "Monitor local authorities for real-time guidance."
        ],
        "dynamic_precautions": [
          "Avoid the immediate affected perimeter."
        ]
      }
    },
    {
      "type": "Feature",
      "geometry": {
        "type": "Point",
        "coordinates": [
          80.8597,
          27.1303
        ]
      },
      "properties": {
        "incident_id": "GDACS-1102678",
        "country": "India",
        "region": "Uttar Pradesh",
        "locality": "Sidhauli",
        "season": "Summer",
        "disaster_type": "Flood",
        "emoji": "🌊",
        "risk_level": "High",
        "statistical_probability": "100.0%",
        "primary_reason": "Intense torrential rainfall leading to overwhelmed storm runoff channels.",
        "static_safety_tips": [
          "Monitor local authorities for real-time guidance."
        ],
        "dynamic_precautions": [
          "Avoid the immediate affected perimeter."
        ]
      }
    },
    {
      "type": "Feature",
      "geometry": {
        "type": "Point",
        "coordinates": [
          121.6,
          30.9
        ]
      },
      "properties": {
        "incident_id": "GDACS-1001093",
        "country": "China",
        "region": "Shanghai",
        "locality": "Fengxian District",
        "season": "Autumn",
        "disaster_type": "Storm",
        "emoji": "🌪️",
        "risk_level": "High",
        "statistical_probability": "100.0%",
        "primary_reason": "Rapid low-pressure cyclonic front with localized gale winds.",
        "static_safety_tips": [
          "Monitor local authorities for real-time guidance."
        ],
        "dynamic_precautions": [
          "Avoid the immediate affected perimeter."
        ]
      }
    },
    {
      "type": "Feature",
      "geometry": {
        "type": "Point",
        "coordinates": [
          14.3788,
          13.5821
        ]
      },
      "properties": {
        "incident_id": "GDACS-1102960",
        "country": "Chad",
        "region": "Lac",
        "locality": "Baga-Sola",
        "season": "Autumn",
        "disaster_type": "Flood",
        "emoji": "🌊",
        "risk_level": "High",
        "statistical_probability": "100.0%",
        "primary_reason": "Intense torrential rainfall leading to overwhelmed storm runoff channels.",
        "static_safety_tips": [
          "Monitor local authorities for real-time guidance."
        ],
        "dynamic_precautions": [
          "Avoid the immediate affected perimeter."
        ]
      }
    },
    {
      "type": "Feature",
      "geometry": {
        "type": "Point",
        "coordinates": [
          16.9561,
          49.8591
        ]
      },
      "properties": {
        "incident_id": "GDACS-1102899",
        "country": "Czechia",
        "region": "Olomouc Region",
        "locality": "Olomouc Region",
        "season": "Autumn",
        "disaster_type": "Flood",
        "emoji": "🌊",
        "risk_level": "High",
        "statistical_probability": "100.0%",
        "primary_reason": "Intense torrential rainfall leading to overwhelmed storm runoff channels.",
        "static_safety_tips": [
          "Monitor local authorities for real-time guidance."
        ],
        "dynamic_precautions": [
          "Avoid the immediate affected perimeter."
        ]
      }
    },
    {
      "type": "Feature",
      "geometry": {
        "type": "Point",
        "coordinates": [
          80.8597,
          27.1303
        ]
      },
      "properties": {
        "incident_id": "GDACS-1102678",
        "country": "India",
        "region": "Uttar Pradesh",
        "locality": "Sidhauli",
        "season": "Summer",
        "disaster_type": "Flood",
        "emoji": "🌊",
        "risk_level": "High",
        "statistical_probability": "100.0%",
        "primary_reason": "Intense torrential rainfall leading to overwhelmed storm runoff channels.",
        "static_safety_tips": [
          "Monitor local authorities for real-time guidance."
        ],
        "dynamic_precautions": [
          "Avoid the immediate affected perimeter."
        ]
      }
    },
    {
      "type": "Feature",
      "geometry": {
        "type": "Point",
        "coordinates": [
          121.6,
          30.9
        ]
      },
      "properties": {
        "incident_id": "GDACS-1001093",
        "country": "China",
        "region": "Shanghai",
        "locality": "Fengxian District",
        "season": "Autumn",
        "disaster_type": "Storm",
        "emoji": "🌪️",
        "risk_level": "High",
        "statistical_probability": "100.0%",
        "primary_reason": "Rapid low-pressure cyclonic front with localized gale winds.",
        "static_safety_tips": [
          "Monitor local authorities for real-time guidance."
        ],
        "dynamic_precautions": [
          "Avoid the immediate affected perimeter."
        ]
      }
    },
    {
      "type": "Feature",
      "geometry": {
        "type": "Point",
        "coordinates": [
          106.9,
          21.0
        ]
      },
      "properties": {
        "incident_id": "GDACS-1001090",
        "country": "Vietnam",
        "region": "Vietnam",
        "locality": "Quang Ninh City",
        "season": "Autumn",
        "disaster_type": "Storm",
        "emoji": "🌪️",
        "risk_level": "High",
        "statistical_probability": "100.0%",
        "primary_reason": "Rapid low-pressure cyclonic front with localized gale winds.",
        "static_safety_tips": [
          "Monitor local authorities for real-time guidance."
        ],
        "dynamic_precautions": [
          "Avoid the immediate affected perimeter."
        ]
      }
    },
    {
      "type": "Feature",
      "geometry": {
        "type": "Point",
        "coordinates": [
          -48.1351,
          -21.0944
        ]
      },
      "properties": {
        "incident_id": "GDACS-1021647",
        "country": "Brazil",
        "region": "São Paulo",
        "locality": "Sertãozinho",
        "season": "Summer",
        "disaster_type": "Wildfire",
        "emoji": "🔥",
        "risk_level": "High",
        "statistical_probability": "100.0%",
        "primary_reason": "High heat index combined with sustained winds and dry vegetation.",
        "static_safety_tips": [
          "Monitor local authorities for real-time guidance."
        ],
        "dynamic_precautions": [
          "Avoid the immediate affected perimeter."
        ]
      }
    },
    {
      "type": "Feature",
      "geometry": {
        "type": "Point",
        "coordinates": [
          -17.019,
          32.7285
        ]
      },
      "properties": {
        "incident_id": "GDACS-1021445",
        "country": "Portugal",
        "region": "Portugal",
        "locality": "Ribeira Brava",
        "season": "Summer",
        "disaster_type": "Wildfire",
        "emoji": "🔥",
        "risk_level": "High",
        "statistical_probability": "100.0%",
        "primary_reason": "High heat index combined with sustained winds and dry vegetation.",
        "static_safety_tips": [
          "Monitor local authorities for real-time guidance."
        ],
        "dynamic_precautions": [
          "Avoid the immediate affected perimeter."
        ]
      }
    },
    {
      "type": "Feature",
      "geometry": {
        "type": "Point",
        "coordinates": [
          160.1413,
          52.9242
        ]
      },
      "properties": {
        "incident_id": "GDACS-1442254",
        "country": "Russia",
        "region": "Kamchatka Krai",
        "locality": "Kamchatka Krai",
        "season": "Summer",
        "disaster_type": "Earthquake",
        "emoji": "🌋",
        "risk_level": "High",
        "statistical_probability": "100.0%",
        "primary_reason": "Regional tectonic fault line movement.",
        "static_safety_tips": [
          "Monitor local authorities for real-time guidance."
        ],
        "dynamic_precautions": [
          "Avoid the immediate affected perimeter."
        ]
      }
    },
    {
      "type": "Feature",
      "geometry": {
        "type": "Point",
        "coordinates": [
          23.926,
          38.1512
        ]
      },
      "properties": {
        "incident_id": "GDACS-1021078",
        "country": "Greece",
        "region": "Attica",
        "locality": "Regional Unit of East Attica",
        "season": "Summer",
        "disaster_type": "Wildfire",
        "emoji": "🔥",
        "risk_level": "High",
        "statistical_probability": "100.0%",
        "primary_reason": "High heat index combined with sustained winds and dry vegetation.",
        "static_safety_tips": [
          "Monitor local authorities for real-time guidance."
        ],
        "dynamic_precautions": [
          "Avoid the immediate affected perimeter."
        ]
      }
    },
    {
      "type": "Feature",
      "geometry": {
        "type": "Point",
        "coordinates": [
          20.1053,
          39.9272
        ]
      },
      "properties": {
        "incident_id": "GDACS-1021196",
        "country": "Albania",
        "region": "Albania",
        "locality": "Mesopotam",
        "season": "Summer",
        "disaster_type": "Wildfire",
        "emoji": "🔥",
        "risk_level": "High",
        "statistical_probability": "100.0%",
        "primary_reason": "High heat index combined with sustained winds and dry vegetation.",
        "static_safety_tips": [
          "Monitor local authorities for real-time guidance."
        ],
        "dynamic_precautions": [
          "Avoid the immediate affected perimeter."
        ]
      }
    },
    {
      "type": "Feature",
      "geometry": {
        "type": "Point",
        "coordinates": [
          -59.038,
          -16.98
        ]
      },
      "properties": {
        "incident_id": "GDACS-1020946",
        "country": "Bolivia",
        "region": "Santa Cruz",
        "locality": "Municipio San Matías",
        "season": "Summer",
        "disaster_type": "Wildfire",
        "emoji": "🔥",
        "risk_level": "High",
        "statistical_probability": "100.0%",
        "primary_reason": "High heat index combined with sustained winds and dry vegetation.",
        "static_safety_tips": [
          "Monitor local authorities for real-time guidance."
        ],
        "dynamic_precautions": [
          "Avoid the immediate affected perimeter."
        ]
      }
    },
    {
      "type": "Feature",
      "geometry": {
        "type": "Point",
        "coordinates": [
          -65.4766,
          -12.6317
        ]
      },
      "properties": {
        "incident_id": "GDACS-1020780",
        "country": "Bolivia",
        "region": "Beni",
        "locality": "Municipio Exaltación",
        "season": "Summer",
        "disaster_type": "Wildfire",
        "emoji": "🔥",
        "risk_level": "High",
        "statistical_probability": "100.0%",
        "primary_reason": "High heat index combined with sustained winds and dry vegetation.",
        "static_safety_tips": [
          "Monitor local authorities for real-time guidance."
        ],
        "dynamic_precautions": [
          "Avoid the immediate affected perimeter."
        ]
      }
    },
    {
      "type": "Feature",
      "geometry": {
        "type": "Point",
        "coordinates": [
          33.8203,
          8.7912
        ]
      },
      "properties": {
        "incident_id": "GDACS-1102815",
        "country": "South Sudan",
        "region": "Upper Nile",
        "locality": "Maiwut",
        "season": "Summer",
        "disaster_type": "Flood",
        "emoji": "🌊",
        "risk_level": "High",
        "statistical_probability": "100.0%",
        "primary_reason": "Intense torrential rainfall leading to overwhelmed storm runoff channels.",
        "static_safety_tips": [
          "Monitor local authorities for real-time guidance."
        ],
        "dynamic_precautions": [
          "Avoid the immediate affected perimeter."
        ]
      }
    },
    {
      "type": "Feature",
      "geometry": {
        "type": "Point",
        "coordinates": [
          126.6,
          8.1933
        ]
      },
      "properties": {
        "incident_id": "GDACS-1440170",
        "country": "Philippines",
        "region": "Philippines",
        "locality": "Philippines",
        "season": "Summer",
        "disaster_type": "Earthquake",
        "emoji": "🌋",
        "risk_level": "High",
        "statistical_probability": "100.0%",
        "primary_reason": "Regional tectonic fault line movement.",
        "static_safety_tips": [
          "Monitor local authorities for real-time guidance."
        ],
        "dynamic_precautions": [
          "Avoid the immediate affected perimeter."
        ]
      }
    },
    {
      "type": "Feature",
      "geometry": {
        "type": "Point",
        "coordinates": [
          119.4,
          25.6
        ]
      },
      "properties": {
        "incident_id": "GDACS-1001072",
        "country": "China",
        "region": "Fujian",
        "locality": "Fuqing City",
        "season": "Summer",
        "disaster_type": "Storm",
        "emoji": "🌪️",
        "risk_level": "High",
        "statistical_probability": "100.0%",
        "primary_reason": "Rapid low-pressure cyclonic front with localized gale winds.",
        "static_safety_tips": [
          "Monitor local authorities for real-time guidance."
        ],
        "dynamic_precautions": [
          "Avoid the immediate affected perimeter."
        ]
      }
    },
    {
      "type": "Feature",
      "geometry": {
        "type": "Point",
        "coordinates": [
          -67.7818,
          -23.0467
        ]
      },
      "properties": {
        "incident_id": "GDACS-1437973",
        "country": "Chile",
        "region": "Antofagasta Region",
        "locality": "San Pedro de Atacama",
        "season": "Summer",
        "disaster_type": "Earthquake",
        "emoji": "🌋",
        "risk_level": "High",
        "statistical_probability": "100.0%",
        "primary_reason": "Regional tectonic fault line movement.",
        "static_safety_tips": [
          "Monitor local authorities for real-time guidance."
        ],
        "dynamic_precautions": [
          "Avoid the immediate affected perimeter."
        ]
      }
    },
    {
      "type": "Feature",
      "geometry": {
        "type": "Point",
        "coordinates": [
          -93.7,
          33.9
        ]
      },
      "properties": {
        "incident_id": "GDACS-1001067",
        "country": "United States",
        "region": "Arkansas",
        "locality": "Hempstead County",
        "season": "Summer",
        "disaster_type": "Storm",
        "emoji": "🌪️",
        "risk_level": "High",
        "statistical_probability": "100.0%",
        "primary_reason": "Rapid low-pressure cyclonic front with localized gale winds.",
        "static_safety_tips": [
          "Monitor local authorities for real-time guidance."
        ],
        "dynamic_precautions": [
          "Avoid the immediate affected perimeter."
        ]
      }
    },
    {
      "type": "Feature",
      "geometry": {
        "type": "Point",
        "coordinates": [
          -74.4447,
          -15.8106
        ]
      },
      "properties": {
        "incident_id": "GDACS-1435013",
        "country": "Peru",
        "region": "Arequipa",
        "locality": "Arequipa",
        "season": "Summer",
        "disaster_type": "Earthquake",
        "emoji": "🌋",
        "risk_level": "High",
        "statistical_probability": "100.0%",
        "primary_reason": "Regional tectonic fault line movement.",
        "static_safety_tips": [
          "Monitor local authorities for real-time guidance."
        ],
        "dynamic_precautions": [
          "Avoid the immediate affected perimeter."
        ]
      }
    },
    {
      "type": "Feature",
      "geometry": {
        "type": "Point",
        "coordinates": [
          -102.0,
          22.3
        ]
      },
      "properties": {
        "incident_id": "GDACS-1001066",
        "country": "Mexico",
        "region": "Zacatecas",
        "locality": "Loreto",
        "season": "Summer",
        "disaster_type": "Storm",
        "emoji": "🌪️",
        "risk_level": "High",
        "statistical_probability": "100.0%",
        "primary_reason": "Rapid low-pressure cyclonic front with localized gale winds.",
        "static_safety_tips": [
          "Monitor local authorities for real-time guidance."
        ],
        "dynamic_precautions": [
          "Avoid the immediate affected perimeter."
        ]
      }
    },
    {
      "type": "Feature",
      "geometry": {
        "type": "Point",
        "coordinates": [
          136.5084,
          -4.491
        ]
      },
      "properties": {
        "incident_id": "GDACS-1102458",
        "country": "Indonesia",
        "region": "Central Papua",
        "locality": "Mimika",
        "season": "Winter",
        "disaster_type": "Flood",
        "emoji": "🌊",
        "risk_level": "High",
        "statistical_probability": "100.0%",
        "primary_reason": "Intense torrential rainfall leading to overwhelmed storm runoff channels.",
        "static_safety_tips": [
          "Monitor local authorities for real-time guidance."
        ],
        "dynamic_precautions": [
          "Avoid the immediate affected perimeter."
        ]
      }
    },
    {
      "type": "Feature",
      "geometry": {
        "type": "Point",
        "coordinates": [
          32.5263,
          34.8955
        ]
      },
      "properties": {
        "incident_id": "GDACS-1019828",
        "country": "Cyprus",
        "region": "Cyprus",
        "locality": "Psathi",
        "season": "Summer",
        "disaster_type": "Wildfire",
        "emoji": "🔥",
        "risk_level": "High",
        "statistical_probability": "100.0%",
        "primary_reason": "High heat index combined with sustained winds and dry vegetation.",
        "static_safety_tips": [
          "Monitor local authorities for real-time guidance."
        ],
        "dynamic_precautions": [
          "Avoid the immediate affected perimeter."
        ]
      }
    },
    {
      "type": "Feature",
      "geometry": {
        "type": "Point",
        "coordinates": [
          -89.4404,
          15.6438
        ]
      },
      "properties": {
        "incident_id": "GDACS-1019735",
        "country": "Guatemala",
        "region": "Izabal",
        "locality": "El Estor",
        "season": "Spring",
        "disaster_type": "Wildfire",
        "emoji": "🔥",
        "risk_level": "High",
        "statistical_probability": "100.0%",
        "primary_reason": "High heat index combined with sustained winds and dry vegetation.",
        "static_safety_tips": [
          "Monitor local authorities for real-time guidance."
        ],
        "dynamic_precautions": [
          "Avoid the immediate affected perimeter."
        ]
      }
    },
    {
      "type": "Feature",
      "geometry": {
        "type": "Point",
        "coordinates": [
          88.4,
          21.7
        ]
      },
      "properties": {
        "incident_id": "GDACS-1001064",
        "country": "India",
        "region": "West Bengal",
        "locality": "Patharpratima",
        "season": "Spring",
        "disaster_type": "Storm",
        "emoji": "🌪️",
        "risk_level": "High",
        "statistical_probability": "100.0%",
        "primary_reason": "Rapid low-pressure cyclonic front with localized gale winds.",
        "static_safety_tips": [
          "Monitor local authorities for real-time guidance."
        ],
        "dynamic_precautions": [
          "Avoid the immediate affected perimeter."
        ]
      }
    },
    {
      "type": "Feature",
      "geometry": {
        "type": "Point",
        "coordinates": [
          64.6238,
          35.9262
        ]
      },
      "properties": {
        "incident_id": "GDACS-1102616",
        "country": "Afghanistan",
        "region": "Faryab Province",
        "locality": "Pashtun Kot",
        "season": "Spring",
        "disaster_type": "Flood",
        "emoji": "🌊",
        "risk_level": "High",
        "statistical_probability": "100.0%",
        "primary_reason": "Intense torrential rainfall leading to overwhelmed storm runoff channels.",
        "static_safety_tips": [
          "Monitor local authorities for real-time guidance."
        ],
        "dynamic_precautions": [
          "Avoid the immediate affected perimeter."
        ]
      }
    },
    {
      "type": "Feature",
      "geometry": {
        "type": "Point",
        "coordinates": [
          -35.8566,
          -8.1356
        ]
      },
      "properties": {
        "incident_id": "GDACS-1102592",
        "country": "Brazil",
        "region": "Pernambuco",
        "locality": "Riacho das Almas",
        "season": "Spring",
        "disaster_type": "Flood",
        "emoji": "🌊",
        "risk_level": "High",
        "statistical_probability": "100.0%",
        "primary_reason": "Intense torrential rainfall leading to overwhelmed storm runoff channels.",
        "static_safety_tips": [
          "Monitor local authorities for real-time guidance."
        ],
        "dynamic_precautions": [
          "Avoid the immediate affected perimeter."
        ]
      }
    },
    {
      "type": "Feature",
      "geometry": {
        "type": "Point",
        "coordinates": [
          36.8172,
          -1.2833
        ]
      },
      "properties": {
        "incident_id": "GDACS-1102604",
        "country": "Kenya",
        "region": "Nairobi County",
        "locality": "Nairobi",
        "season": "Spring",
        "disaster_type": "Flood",
        "emoji": "🌊",
        "risk_level": "High",
        "statistical_probability": "100.0%",
        "primary_reason": "Intense torrential rainfall leading to overwhelmed storm runoff channels.",
        "static_safety_tips": [
          "Monitor local authorities for real-time guidance."
        ],
        "dynamic_precautions": [
          "Avoid the immediate affected perimeter."
        ]
      }
    },
    {
      "type": "Feature",
      "geometry": {
        "type": "Point",
        "coordinates": [
          39.47,
          -7.54
        ]
      },
      "properties": {
        "incident_id": "GDACS-1001060",
        "country": "Tanzania",
        "region": "Tanzania",
        "locality": "Tanzania",
        "season": "Spring",
        "disaster_type": "Storm",
        "emoji": "🌪️",
        "risk_level": "High",
        "statistical_probability": "100.0%",
        "primary_reason": "Rapid low-pressure cyclonic front with localized gale winds.",
        "static_safety_tips": [
          "Monitor local authorities for real-time guidance."
        ],
        "dynamic_precautions": [
          "Avoid the immediate affected perimeter."
        ]
      }
    },
    {
      "type": "Feature",
      "geometry": {
        "type": "Point",
        "coordinates": [
          29.1944,
          -2.9667
        ]
      },
      "properties": {
        "incident_id": "GDACS-1102544",
        "country": "Burundi",
        "region": "Cibitoke",
        "locality": "Buganda",
        "season": "Spring",
        "disaster_type": "Flood",
        "emoji": "🌊",
        "risk_level": "High",
        "statistical_probability": "100.0%",
        "primary_reason": "Intense torrential rainfall leading to overwhelmed storm runoff channels.",
        "static_safety_tips": [
          "Monitor local authorities for real-time guidance."
        ],
        "dynamic_precautions": [
          "Avoid the immediate affected perimeter."
        ]
      }
    },
    {
      "type": "Feature",
      "geometry": {
        "type": "Point",
        "coordinates": [
          35.824,
          8.9902
        ]
      },
      "properties": {
        "incident_id": "GDACS-1102637",
        "country": "Ethiopia",
        "region": "Oromia Region",
        "locality": "Ghimbi",
        "season": "Spring",
        "disaster_type": "Flood",
        "emoji": "🌊",
        "risk_level": "High",
        "statistical_probability": "100.0%",
        "primary_reason": "Intense torrential rainfall leading to overwhelmed storm runoff channels.",
        "static_safety_tips": [
          "Monitor local authorities for real-time guidance."
        ],
        "dynamic_precautions": [
          "Avoid the immediate affected perimeter."
        ]
      }
    },
    {
      "type": "Feature",
      "geometry": {
        "type": "Point",
        "coordinates": [
          39.2804,
          -6.8161000000000005
        ]
      },
      "properties": {
        "incident_id": "GDACS-1102555",
        "country": "Tanzania",
        "region": "Coastal Zone",
        "locality": "Dar es Salaam",
        "season": "Spring",
        "disaster_type": "Flood",
        "emoji": "🌊",
        "risk_level": "High",
        "statistical_probability": "100.0%",
        "primary_reason": "Intense torrential rainfall leading to overwhelmed storm runoff channels.",
        "static_safety_tips": [
          "Monitor local authorities for real-time guidance."
        ],
        "dynamic_precautions": [
          "Avoid the immediate affected perimeter."
        ]
      }
    },
    {
      "type": "Feature",
      "geometry": {
        "type": "Point",
        "coordinates": [
          -90.988,
          17.1185
        ]
      },
      "properties": {
        "incident_id": "GDACS-1019635",
        "country": "Guatemala",
        "region": "Petén",
        "locality": "La Libertad",
        "season": "Spring",
        "disaster_type": "Wildfire",
        "emoji": "🔥",
        "risk_level": "High",
        "statistical_probability": "100.0%",
        "primary_reason": "High heat index combined with sustained winds and dry vegetation.",
        "static_safety_tips": [
          "Monitor local authorities for real-time guidance."
        ],
        "dynamic_precautions": [
          "Avoid the immediate affected perimeter."
        ]
      }
    },
    {
      "type": "Feature",
      "geometry": {
        "type": "Point",
        "coordinates": [
          50.8062,
          47.6606
        ]
      },
      "properties": {
        "incident_id": "GDACS-1102548",
        "country": "Kazakhstan",
        "region": "Atyrau Region",
        "locality": "Қамысқала ауылдық округі",
        "season": "Spring",
        "disaster_type": "Flood",
        "emoji": "🌊",
        "risk_level": "High",
        "statistical_probability": "100.0%",
        "primary_reason": "Intense torrential rainfall leading to overwhelmed storm runoff channels.",
        "static_safety_tips": [
          "Monitor local authorities for real-time guidance."
        ],
        "dynamic_precautions": [
          "Avoid the immediate affected perimeter."
        ]
      }
    },
    {
      "type": "Feature",
      "geometry": {
        "type": "Point",
        "coordinates": [
          121.5616,
          23.819
        ]
      },
      "properties": {
        "incident_id": "GDACS-1422322",
        "country": "Taiwan",
        "region": "Taiwan",
        "locality": "Shoufeng",
        "season": "Spring",
        "disaster_type": "Earthquake",
        "emoji": "🌋",
        "risk_level": "High",
        "statistical_probability": "100.0%",
        "primary_reason": "Regional tectonic fault line movement.",
        "static_safety_tips": [
          "Monitor local authorities for real-time guidance."
        ],
        "dynamic_precautions": [
          "Avoid the immediate affected perimeter."
        ]
      }
    },
    {
      "type": "Feature",
      "geometry": {
        "type": "Point",
        "coordinates": [
          48.09,
          -13.83
        ]
      },
      "properties": {
        "incident_id": "GDACS-1001057",
        "country": "Madagascar",
        "region": "Diana Region",
        "locality": "Ambanja",
        "season": "Spring",
        "disaster_type": "Storm",
        "emoji": "🌪️",
        "risk_level": "High",
        "statistical_probability": "100.0%",
        "primary_reason": "Rapid low-pressure cyclonic front with localized gale winds.",
        "static_safety_tips": [
          "Monitor local authorities for real-time guidance."
        ],
        "dynamic_precautions": [
          "Avoid the immediate affected perimeter."
        ]
      }
    },
    {
      "type": "Feature",
      "geometry": {
        "type": "Point",
        "coordinates": [
          143.1594,
          -4.1388
        ]
      },
      "properties": {
        "incident_id": "GDACS-1420849",
        "country": "Papua New Guinea",
        "region": "East Sepik",
        "locality": "East Sepik",
        "season": "Spring",
        "disaster_type": "Earthquake",
        "emoji": "🌋",
        "risk_level": "High",
        "statistical_probability": "100.0%",
        "primary_reason": "Regional tectonic fault line movement.",
        "static_safety_tips": [
          "Monitor local authorities for real-time guidance."
        ],
        "dynamic_precautions": [
          "Avoid the immediate affected perimeter."
        ]
      }
    },
    {
      "type": "Feature",
      "geometry": {
        "type": "Point",
        "coordinates": [
          112.3622,
          -5.8668
        ]
      },
      "properties": {
        "incident_id": "GDACS-1420595",
        "country": "Indonesia",
        "region": "East Java",
        "locality": "East Java",
        "season": "Spring",
        "disaster_type": "Earthquake",
        "emoji": "🌋",
        "risk_level": "High",
        "statistical_probability": "100.0%",
        "primary_reason": "Regional tectonic fault line movement.",
        "static_safety_tips": [
          "Monitor local authorities for real-time guidance."
        ],
        "dynamic_precautions": [
          "Avoid the immediate affected perimeter."
        ]
      }
    },
    {
      "type": "Feature",
      "geometry": {
        "type": "Point",
        "coordinates": [
          136.5084,
          -4.491
        ]
      },
      "properties": {
        "incident_id": "GDACS-1102458",
        "country": "Indonesia",
        "region": "Central Papua",
        "locality": "Mimika",
        "season": "Winter",
        "disaster_type": "Flood",
        "emoji": "🌊",
        "risk_level": "High",
        "statistical_probability": "100.0%",
        "primary_reason": "Intense torrential rainfall leading to overwhelmed storm runoff channels.",
        "static_safety_tips": [
          "Monitor local authorities for real-time guidance."
        ],
        "dynamic_precautions": [
          "Avoid the immediate affected perimeter."
        ]
      }
    },
    {
      "type": "Feature",
      "geometry": {
        "type": "Point",
        "coordinates": [
          29.1944,
          -2.9667
        ]
      },
      "properties": {
        "incident_id": "GDACS-1102544",
        "country": "Burundi",
        "region": "Cibitoke",
        "locality": "Buganda",
        "season": "Spring",
        "disaster_type": "Flood",
        "emoji": "🌊",
        "risk_level": "High",
        "statistical_probability": "100.0%",
        "primary_reason": "Intense torrential rainfall leading to overwhelmed storm runoff channels.",
        "static_safety_tips": [
          "Monitor local authorities for real-time guidance."
        ],
        "dynamic_precautions": [
          "Avoid the immediate affected perimeter."
        ]
      }
    },
    {
      "type": "Feature",
      "geometry": {
        "type": "Point",
        "coordinates": [
          -100.9411,
          35.9437
        ]
      },
      "properties": {
        "incident_id": "GDACS-1019285",
        "country": "United States",
        "region": "Texas",
        "locality": "Roberts County",
        "season": "Winter",
        "disaster_type": "Wildfire",
        "emoji": "🔥",
        "risk_level": "High",
        "statistical_probability": "100.0%",
        "primary_reason": "High heat index combined with sustained winds and dry vegetation.",
        "static_safety_tips": [
          "Monitor local authorities for real-time guidance."
        ],
        "dynamic_precautions": [
          "Avoid the immediate affected perimeter."
        ]
      }
    },
    {
      "type": "Feature",
      "geometry": {
        "type": "Point",
        "coordinates": [
          125.7102,
          8.7286
        ]
      },
      "properties": {
        "incident_id": "GDACS-1414718",
        "country": "Philippines",
        "region": "Agusan del Sur",
        "locality": "Bayugan",
        "season": "Winter",
        "disaster_type": "Earthquake",
        "emoji": "🌋",
        "risk_level": "High",
        "statistical_probability": "100.0%",
        "primary_reason": "Regional tectonic fault line movement.",
        "static_safety_tips": [
          "Monitor local authorities for real-time guidance."
        ],
        "dynamic_precautions": [
          "Avoid the immediate affected perimeter."
        ]
      }
    },
    {
      "type": "Feature",
      "geometry": {
        "type": "Point",
        "coordinates": [
          125.5444,
          8.6991
        ]
      },
      "properties": {
        "incident_id": "GDACS-1414701",
        "country": "Philippines",
        "region": "Agusan del Norte",
        "locality": "Las Nieves",
        "season": "Winter",
        "disaster_type": "Earthquake",
        "emoji": "🌋",
        "risk_level": "High",
        "statistical_probability": "100.0%",
        "primary_reason": "Regional tectonic fault line movement.",
        "static_safety_tips": [
          "Monitor local authorities for real-time guidance."
        ],
        "dynamic_precautions": [
          "Avoid the immediate affected perimeter."
        ]
      }
    },
    {
      "type": "Feature",
      "geometry": {
        "type": "Point",
        "coordinates": [
          -71.5035,
          -33.1353
        ]
      },
      "properties": {
        "incident_id": "GDACS-1019173",
        "country": "Chile",
        "region": "Valparaiso Region",
        "locality": "Valparaíso",
        "season": "Winter",
        "disaster_type": "Wildfire",
        "emoji": "🔥",
        "risk_level": "High",
        "statistical_probability": "100.0%",
        "primary_reason": "High heat index combined with sustained winds and dry vegetation.",
        "static_safety_tips": [
          "Monitor local authorities for real-time guidance."
        ],
        "dynamic_precautions": [
          "Avoid the immediate affected perimeter."
        ]
      }
    },
    {
      "type": "Feature",
      "geometry": {
        "type": "Point",
        "coordinates": [
          78.649,
          41.2689
        ]
      },
      "properties": {
        "incident_id": "GDACS-1411622",
        "country": "China",
        "region": "Xinjiang",
        "locality": "Uqturpan County",
        "season": "Winter",
        "disaster_type": "Earthquake",
        "emoji": "🌋",
        "risk_level": "High",
        "statistical_probability": "100.0%",
        "primary_reason": "Regional tectonic fault line movement.",
        "static_safety_tips": [
          "Monitor local authorities for real-time guidance."
        ],
        "dynamic_precautions": [
          "Avoid the immediate affected perimeter."
        ]
      }
    },
    {
      "type": "Feature",
      "geometry": {
        "type": "Point",
        "coordinates": [
          -1.5541,
          47.2186
        ]
      },
      "properties": {
        "incident_id": "GDACS-1102408",
        "country": "France",
        "region": "Pays de la Loire",
        "locality": "Nantes",
        "season": "Winter",
        "disaster_type": "Flood",
        "emoji": "🌊",
        "risk_level": "High",
        "statistical_probability": "100.0%",
        "primary_reason": "Intense torrential rainfall leading to overwhelmed storm runoff channels.",
        "static_safety_tips": [
          "Monitor local authorities for real-time guidance."
        ],
        "dynamic_precautions": [
          "Avoid the immediate affected perimeter."
        ]
      }
    },
    {
      "type": "Feature",
      "geometry": {
        "type": "Point",
        "coordinates": [
          9.076,
          52.8399
        ]
      },
      "properties": {
        "incident_id": "GDACS-1102407",
        "country": "Germany",
        "region": "Lower Saxony",
        "locality": "Landkreis Nienburg/Weser",
        "season": "Winter",
        "disaster_type": "Flood",
        "emoji": "🌊",
        "risk_level": "High",
        "statistical_probability": "100.0%",
        "primary_reason": "Intense torrential rainfall leading to overwhelmed storm runoff channels.",
        "static_safety_tips": [
          "Monitor local authorities for real-time guidance."
        ],
        "dynamic_precautions": [
          "Avoid the immediate affected perimeter."
        ]
      }
    },
    {
      "type": "Feature",
      "geometry": {
        "type": "Point",
        "coordinates": [
          137.2416,
          37.4976
        ]
      },
      "properties": {
        "incident_id": "GDACS-1408627",
        "country": "Japan",
        "region": "Japan",
        "locality": "Suzu",
        "season": "Winter",
        "disaster_type": "Earthquake",
        "emoji": "🌋",
        "risk_level": "High",
        "statistical_probability": "100.0%",
        "primary_reason": "Regional tectonic fault line movement.",
        "static_safety_tips": [
          "Monitor local authorities for real-time guidance."
        ],
        "dynamic_precautions": [
          "Avoid the immediate affected perimeter."
        ]
      }
    },
    {
      "type": "Feature",
      "geometry": {
        "type": "Point",
        "coordinates": [
          102.8272,
          35.7432
        ]
      },
      "properties": {
        "incident_id": "GDACS-1406601",
        "country": "China",
        "region": "Gansu",
        "locality": "Liugou Township",
        "season": "Winter",
        "disaster_type": "Earthquake",
        "emoji": "🌋",
        "risk_level": "High",
        "statistical_probability": "100.0%",
        "primary_reason": "Regional tectonic fault line movement.",
        "static_safety_tips": [
          "Monitor local authorities for real-time guidance."
        ],
        "dynamic_precautions": [
          "Avoid the immediate affected perimeter."
        ]
      }
    },
    {
      "type": "Feature",
      "geometry": {
        "type": "Point",
        "coordinates": [
          38.4314,
          1.442
        ]
      },
      "properties": {
        "incident_id": "GDACS-1102288",
        "country": "Kenya",
        "region": "Isiolo",
        "locality": "Merti",
        "season": "Autumn",
        "disaster_type": "Flood",
        "emoji": "🌊",
        "risk_level": "High",
        "statistical_probability": "100.0%",
        "primary_reason": "Intense torrential rainfall leading to overwhelmed storm runoff channels.",
        "static_safety_tips": [
          "Monitor local authorities for real-time guidance."
        ],
        "dynamic_precautions": [
          "Avoid the immediate affected perimeter."
        ]
      }
    },
    {
      "type": "Feature",
      "geometry": {
        "type": "Point",
        "coordinates": [
          43.5361,
          7.263
        ]
      },
      "properties": {
        "incident_id": "GDACS-1102308",
        "country": "Ethiopia",
        "region": "Somali Region",
        "locality": "Somali Region",
        "season": "Autumn",
        "disaster_type": "Flood",
        "emoji": "🌊",
        "risk_level": "High",
        "statistical_probability": "100.0%",
        "primary_reason": "Intense torrential rainfall leading to overwhelmed storm runoff channels.",
        "static_safety_tips": [
          "Monitor local authorities for real-time guidance."
        ],
        "dynamic_precautions": [
          "Avoid the immediate affected perimeter."
        ]
      }
    },
    {
      "type": "Feature",
      "geometry": {
        "type": "Point",
        "coordinates": [
          49.0834,
          8.3677
        ]
      },
      "properties": {
        "incident_id": "GDACS-1102258",
        "country": "Somalia",
        "region": "Nugaal",
        "locality": "Garowe District",
        "season": "Autumn",
        "disaster_type": "Flood",
        "emoji": "🌊",
        "risk_level": "High",
        "statistical_probability": "100.0%",
        "primary_reason": "Intense torrential rainfall leading to overwhelmed storm runoff channels.",
        "static_safety_tips": [
          "Monitor local authorities for real-time guidance."
        ],
        "dynamic_precautions": [
          "Avoid the immediate affected perimeter."
        ]
      }
    },
    {
      "type": "Feature",
      "geometry": {
        "type": "Point",
        "coordinates": [
          80.1,
          14.3
        ]
      },
      "properties": {
        "incident_id": "GDACS-1001037",
        "country": "India",
        "region": "Andhra Pradesh",
        "locality": "Muthukur",
        "season": "Winter",
        "disaster_type": "Storm",
        "emoji": "🌪️",
        "risk_level": "High",
        "statistical_probability": "100.0%",
        "primary_reason": "Rapid low-pressure cyclonic front with localized gale winds.",
        "static_safety_tips": [
          "Monitor local authorities for real-time guidance."
        ],
        "dynamic_precautions": [
          "Avoid the immediate affected perimeter."
        ]
      }
    },
    {
      "type": "Feature",
      "geometry": {
        "type": "Point",
        "coordinates": [
          126.4487,
          8.5266
        ]
      },
      "properties": {
        "incident_id": "GDACS-1403417",
        "country": "Philippines",
        "region": "Surigao del Sur",
        "locality": "Hinatuan",
        "season": "Winter",
        "disaster_type": "Earthquake",
        "emoji": "🌋",
        "risk_level": "High",
        "statistical_probability": "100.0%",
        "primary_reason": "Regional tectonic fault line movement.",
        "static_safety_tips": [
          "Monitor local authorities for real-time guidance."
        ],
        "dynamic_precautions": [
          "Avoid the immediate affected perimeter."
        ]
      }
    },
    {
      "type": "Feature",
      "geometry": {
        "type": "Point",
        "coordinates": [
          -65.017,
          -15.867
        ]
      },
      "properties": {
        "incident_id": "GDACS-1016612",
        "country": "Bolivia",
        "region": "Cochabamba",
        "locality": "Chapare",
        "season": "Summer",
        "disaster_type": "Drought",
        "emoji": "🏜️",
        "risk_level": "High",
        "statistical_probability": "100.0%",
        "primary_reason": "Prolonged deficit in seasonal precipitation combined with high evaporation.",
        "static_safety_tips": [
          "Monitor local authorities for real-time guidance."
        ],
        "dynamic_precautions": [
          "Avoid the immediate affected perimeter."
        ]
      }
    },
    {
      "type": "Feature",
      "geometry": {
        "type": "Point",
        "coordinates": [
          -61.9568,
          -14.7754
        ]
      },
      "properties": {
        "incident_id": "GDACS-1018546",
        "country": "Bolivia",
        "region": "Santa Cruz",
        "locality": "Concepción",
        "season": "Autumn",
        "disaster_type": "Wildfire",
        "emoji": "🔥",
        "risk_level": "High",
        "statistical_probability": "100.0%",
        "primary_reason": "High heat index combined with sustained winds and dry vegetation.",
        "static_safety_tips": [
          "Monitor local authorities for real-time guidance."
        ],
        "dynamic_precautions": [
          "Avoid the immediate affected perimeter."
        ]
      }
    },
    {
      "type": "Feature",
      "geometry": {
        "type": "Point",
        "coordinates": [
          91.2,
          23.2
        ]
      },
      "properties": {
        "incident_id": "GDACS-1001034",
        "country": "Bangladesh",
        "region": "Chattogram Division",
        "locality": "Nangalkot Upazila",
        "season": "Autumn",
        "disaster_type": "Storm",
        "emoji": "🌪️",
        "risk_level": "High",
        "statistical_probability": "100.0%",
        "primary_reason": "Rapid low-pressure cyclonic front with localized gale winds.",
        "static_safety_tips": [
          "Monitor local authorities for real-time guidance."
        ],
        "dynamic_precautions": [
          "Avoid the immediate affected perimeter."
        ]
      }
    },
    {
      "type": "Feature",
      "geometry": {
        "type": "Point",
        "coordinates": [
          125.051,
          5.5872
        ]
      },
      "properties": {
        "incident_id": "GDACS-1401224",
        "country": "Philippines",
        "region": "Philippines",
        "locality": "Philippines",
        "season": "Autumn",
        "disaster_type": "Earthquake",
        "emoji": "🌋",
        "risk_level": "High",
        "statistical_probability": "50.0%",
        "primary_reason": "Regional tectonic fault line movement.",
        "static_safety_tips": [
          "Monitor local authorities for real-time guidance."
        ],
        "dynamic_precautions": [
          "Avoid the immediate affected perimeter."
        ]
      }
    },
    {
      "type": "Feature",
      "geometry": {
        "type": "Point",
        "coordinates": [
          99.333,
          21.226
        ]
      },
      "properties": {
        "incident_id": "GDACS-1401173",
        "country": "Myanmar",
        "region": "Shan State",
        "locality": "Mong Ping Township",
        "season": "Autumn",
        "disaster_type": "Earthquake",
        "emoji": "🌋",
        "risk_level": "High",
        "statistical_probability": "100.0%",
        "primary_reason": "Regional tectonic fault line movement.",
        "static_safety_tips": [
          "Monitor local authorities for real-time guidance."
        ],
        "dynamic_precautions": [
          "Avoid the immediate affected perimeter."
        ]
      }
    },
    {
      "type": "Feature",
      "geometry": {
        "type": "Point",
        "coordinates": [
          82.1874,
          28.8482
        ]
      },
      "properties": {
        "incident_id": "GDACS-1398938",
        "country": "Nepal",
        "region": "Karnali Province",
        "locality": "Jajarkot",
        "season": "Autumn",
        "disaster_type": "Earthquake",
        "emoji": "🌋",
        "risk_level": "High",
        "statistical_probability": "100.0%",
        "primary_reason": "Regional tectonic fault line movement.",
        "static_safety_tips": [
          "Monitor local authorities for real-time guidance."
        ],
        "dynamic_precautions": [
          "Avoid the immediate affected perimeter."
        ]
      }
    },
    {
      "type": "Feature",
      "geometry": {
        "type": "Point",
        "coordinates": [
          92.0035,
          21.1766
        ]
      },
      "properties": {
        "incident_id": "GDACS-1102291",
        "country": "Bangladesh",
        "region": "Chattogram Division",
        "locality": "Cox's Bazar District",
        "season": "Autumn",
        "disaster_type": "Flood",
        "emoji": "🌊",
        "risk_level": "High",
        "statistical_probability": "50.0%",
        "primary_reason": "Intense torrential rainfall leading to overwhelmed storm runoff channels.",
        "static_safety_tips": [
          "Monitor local authorities for real-time guidance."
        ],
        "dynamic_precautions": [
          "Avoid the immediate affected perimeter."
        ]
      }
    },
    {
      "type": "Feature",
      "geometry": {
        "type": "Point",
        "coordinates": [
          -100.8,
          19.1
        ]
      },
      "properties": {
        "incident_id": "GDACS-1001028",
        "country": "Mexico",
        "region": "Michoacán",
        "locality": "Tiquicheo de Nicolás Romero",
        "season": "Autumn",
        "disaster_type": "Storm",
        "emoji": "🌪️",
        "risk_level": "High",
        "statistical_probability": "100.0%",
        "primary_reason": "Rapid low-pressure cyclonic front with localized gale winds.",
        "static_safety_tips": [
          "Monitor local authorities for real-time guidance."
        ],
        "dynamic_precautions": [
          "Avoid the immediate affected perimeter."
        ]
      }
    },
    {
      "type": "Feature",
      "geometry": {
        "type": "Point",
        "coordinates": [
          92.1,
          21.6
        ]
      },
      "properties": {
        "incident_id": "GDACS-1001029",
        "country": "Bangladesh",
        "region": "Chattogram Division",
        "locality": "Cox's Bazar District",
        "season": "Autumn",
        "disaster_type": "Storm",
        "emoji": "🌪️",
        "risk_level": "High",
        "statistical_probability": "50.0%",
        "primary_reason": "Rapid low-pressure cyclonic front with localized gale winds.",
        "static_safety_tips": [
          "Monitor local authorities for real-time guidance."
        ],
        "dynamic_precautions": [
          "Avoid the immediate affected perimeter."
        ]
      }
    },
    {
      "type": "Feature",
      "geometry": {
        "type": "Point",
        "coordinates": [
          -107.7,
          24.9
        ]
      },
      "properties": {
        "incident_id": "GDACS-1001024",
        "country": "Mexico",
        "region": "Sinaloa",
        "locality": "Navolato",
        "season": "Autumn",
        "disaster_type": "Storm",
        "emoji": "🌪️",
        "risk_level": "High",
        "statistical_probability": "100.0%",
        "primary_reason": "Rapid low-pressure cyclonic front with localized gale winds.",
        "static_safety_tips": [
          "Monitor local authorities for real-time guidance."
        ],
        "dynamic_precautions": [
          "Avoid the immediate affected perimeter."
        ]
      }
    },
    {
      "type": "Feature",
      "geometry": {
        "type": "Point",
        "coordinates": [
          126.3499,
          7.4507
        ]
      },
      "properties": {
        "incident_id": "GDACS-1396768",
        "country": "Philippines",
        "region": "Davao Oriental",
        "locality": "Caraga",
        "season": "Autumn",
        "disaster_type": "Earthquake",
        "emoji": "🌋",
        "risk_level": "High",
        "statistical_probability": "100.0%",
        "primary_reason": "Regional tectonic fault line movement.",
        "static_safety_tips": [
          "Monitor local authorities for real-time guidance."
        ],
        "dynamic_precautions": [
          "Avoid the immediate affected perimeter."
        ]
      }
    },
    {
      "type": "Feature",
      "geometry": {
        "type": "Point",
        "coordinates": [
          62.1483,
          34.5926
        ]
      },
      "properties": {
        "incident_id": "GDACS-1396086",
        "country": "Afghanistan",
        "region": "Herat Province",
        "locality": "Injil",
        "season": "Autumn",
        "disaster_type": "Earthquake",
        "emoji": "🌋",
        "risk_level": "High",
        "statistical_probability": "100.0%",
        "primary_reason": "Regional tectonic fault line movement.",
        "static_safety_tips": [
          "Monitor local authorities for real-time guidance."
        ],
        "dynamic_precautions": [
          "Avoid the immediate affected perimeter."
        ]
      }
    },
    {
      "type": "Feature",
      "geometry": {
        "type": "Point",
        "coordinates": [
          62.1115,
          34.6094
        ]
      },
      "properties": {
        "incident_id": "GDACS-1396085",
        "country": "Afghanistan",
        "region": "Herat Province",
        "locality": "Injil",
        "season": "Autumn",
        "disaster_type": "Earthquake",
        "emoji": "🌋",
        "risk_level": "High",
        "statistical_probability": "100.0%",
        "primary_reason": "Regional tectonic fault line movement.",
        "static_safety_tips": [
          "Monitor local authorities for real-time guidance."
        ],
        "dynamic_precautions": [
          "Avoid the immediate affected perimeter."
        ]
      }
    },
    {
      "type": "Feature",
      "geometry": {
        "type": "Point",
        "coordinates": [
          -102.5,
          22.5
        ]
      },
      "properties": {
        "incident_id": "GDACS-1001019",
        "country": "Mexico",
        "region": "Zacatecas",
        "locality": "Genaro Codina",
        "season": "Autumn",
        "disaster_type": "Storm",
        "emoji": "🌪️",
        "risk_level": "High",
        "statistical_probability": "100.0%",
        "primary_reason": "Rapid low-pressure cyclonic front with localized gale winds.",
        "static_safety_tips": [
          "Monitor local authorities for real-time guidance."
        ],
        "dynamic_precautions": [
          "Avoid the immediate affected perimeter."
        ]
      }
    },
    {
      "type": "Feature",
      "geometry": {
        "type": "Point",
        "coordinates": [
          62.0717,
          34.5798
        ]
      },
      "properties": {
        "incident_id": "GDACS-1395488",
        "country": "Afghanistan",
        "region": "Herat Province",
        "locality": "Injil",
        "season": "Autumn",
        "disaster_type": "Earthquake",
        "emoji": "🌋",
        "risk_level": "High",
        "statistical_probability": "100.0%",
        "primary_reason": "Regional tectonic fault line movement.",
        "static_safety_tips": [
          "Monitor local authorities for real-time guidance."
        ],
        "dynamic_precautions": [
          "Avoid the immediate affected perimeter."
        ]
      }
    },
    {
      "type": "Feature",
      "geometry": {
        "type": "Point",
        "coordinates": [
          110.3,
          20.8
        ]
      },
      "properties": {
        "incident_id": "GDACS-1001018",
        "country": "China",
        "region": "Guangdong",
        "locality": "Zhanjiang City",
        "season": "Autumn",
        "disaster_type": "Storm",
        "emoji": "🌪️",
        "risk_level": "High",
        "statistical_probability": "100.0%",
        "primary_reason": "Rapid low-pressure cyclonic front with localized gale winds.",
        "static_safety_tips": [
          "Monitor local authorities for real-time guidance."
        ],
        "dynamic_precautions": [
          "Avoid the immediate affected perimeter."
        ]
      }
    },
    {
      "type": "Feature",
      "geometry": {
        "type": "Point",
        "coordinates": [
          146.1982,
          -5.5066
        ]
      },
      "properties": {
        "incident_id": "GDACS-1394968",
        "country": "Papua New Guinea",
        "region": "Madang",
        "locality": "Saidor District",
        "season": "Autumn",
        "disaster_type": "Earthquake",
        "emoji": "🌋",
        "risk_level": "High",
        "statistical_probability": "100.0%",
        "primary_reason": "Regional tectonic fault line movement.",
        "static_safety_tips": [
          "Monitor local authorities for real-time guidance."
        ],
        "dynamic_precautions": [
          "Avoid the immediate affected perimeter."
        ]
      }
    },
    {
      "type": "Feature",
      "geometry": {
        "type": "Point",
        "coordinates": [
          146.1315,
          -5.5997
        ]
      },
      "properties": {
        "incident_id": "GDACS-1394967",
        "country": "Papua New Guinea",
        "region": "Madang",
        "locality": "Madang",
        "season": "Autumn",
        "disaster_type": "Earthquake",
        "emoji": "🌋",
        "risk_level": "High",
        "statistical_probability": "100.0%",
        "primary_reason": "Regional tectonic fault line movement.",
        "static_safety_tips": [
          "Monitor local authorities for real-time guidance."
        ],
        "dynamic_precautions": [
          "Avoid the immediate affected perimeter."
        ]
      }
    },
    {
      "type": "Feature",
      "geometry": {
        "type": "Point",
        "coordinates": [
          62.0327,
          34.6391
        ]
      },
      "properties": {
        "incident_id": "GDACS-1394961",
        "country": "Afghanistan",
        "region": "Herat Province",
        "locality": "Zendeh Jan",
        "season": "Autumn",
        "disaster_type": "Earthquake",
        "emoji": "🌋",
        "risk_level": "High",
        "statistical_probability": "100.0%",
        "primary_reason": "Regional tectonic fault line movement.",
        "static_safety_tips": [
          "Monitor local authorities for real-time guidance."
        ],
        "dynamic_precautions": [
          "Avoid the immediate affected perimeter."
        ]
      }
    },
    {
      "type": "Feature",
      "geometry": {
        "type": "Point",
        "coordinates": [
          61.9037,
          34.5743
        ]
      },
      "properties": {
        "incident_id": "GDACS-1394958",
        "country": "Afghanistan",
        "region": "Herat Province",
        "locality": "Zendeh Jan",
        "season": "Autumn",
        "disaster_type": "Earthquake",
        "emoji": "🌋",
        "risk_level": "High",
        "statistical_probability": "100.0%",
        "primary_reason": "Regional tectonic fault line movement.",
        "static_safety_tips": [
          "Monitor local authorities for real-time guidance."
        ],
        "dynamic_precautions": [
          "Avoid the immediate affected perimeter."
        ]
      }
    },
    {
      "type": "Feature",
      "geometry": {
        "type": "Point",
        "coordinates": [
          61.9547,
          34.5414
        ]
      },
      "properties": {
        "incident_id": "GDACS-1394954",
        "country": "Afghanistan",
        "region": "Herat Province",
        "locality": "Zendeh Jan",
        "season": "Autumn",
        "disaster_type": "Earthquake",
        "emoji": "🌋",
        "risk_level": "High",
        "statistical_probability": "100.0%",
        "primary_reason": "Regional tectonic fault line movement.",
        "static_safety_tips": [
          "Monitor local authorities for real-time guidance."
        ],
        "dynamic_precautions": [
          "Avoid the immediate affected perimeter."
        ]
      }
    },
    {
      "type": "Feature",
      "geometry": {
        "type": "Point",
        "coordinates": [
          61.9242,
          34.6102
        ]
      },
      "properties": {
        "incident_id": "GDACS-1394952",
        "country": "Afghanistan",
        "region": "Herat Province",
        "locality": "Zendeh Jan",
        "season": "Autumn",
        "disaster_type": "Earthquake",
        "emoji": "🌋",
        "risk_level": "High",
        "statistical_probability": "100.0%",
        "primary_reason": "Regional tectonic fault line movement.",
        "static_safety_tips": [
          "Monitor local authorities for real-time guidance."
        ],
        "dynamic_precautions": [
          "Avoid the immediate affected perimeter."
        ]
      }
    },
    {
      "type": "Feature",
      "geometry": {
        "type": "Point",
        "coordinates": [
          81.253,
          29.4987
        ]
      },
      "properties": {
        "incident_id": "GDACS-1394274",
        "country": "Nepal",
        "region": "Sudurpashchim Province",
        "locality": "Bajhang",
        "season": "Autumn",
        "disaster_type": "Earthquake",
        "emoji": "🌋",
        "risk_level": "High",
        "statistical_probability": "100.0%",
        "primary_reason": "Regional tectonic fault line movement.",
        "static_safety_tips": [
          "Monitor local authorities for real-time guidance."
        ],
        "dynamic_precautions": [
          "Avoid the immediate affected perimeter."
        ]
      }
    },
    {
      "type": "Feature",
      "geometry": {
        "type": "Point",
        "coordinates": [
          -65.017,
          -15.867
        ]
      },
      "properties": {
        "incident_id": "GDACS-1016612",
        "country": "Bolivia",
        "region": "Cochabamba",
        "locality": "Chapare",
        "season": "Summer",
        "disaster_type": "Drought",
        "emoji": "🏜️",
        "risk_level": "High",
        "statistical_probability": "100.0%",
        "primary_reason": "Prolonged deficit in seasonal precipitation combined with high evaporation.",
        "static_safety_tips": [
          "Monitor local authorities for real-time guidance."
        ],
        "dynamic_precautions": [
          "Avoid the immediate affected perimeter."
        ]
      }
    },
    {
      "type": "Feature",
      "geometry": {
        "type": "Point",
        "coordinates": [
          22.6383,
          32.7594
        ]
      },
      "properties": {
        "incident_id": "GDACS-1102204",
        "country": "Libya",
        "region": "Derna",
        "locality": "Derna",
        "season": "Autumn",
        "disaster_type": "Flood",
        "emoji": "🌊",
        "risk_level": "High",
        "statistical_probability": "100.0%",
        "primary_reason": "Intense torrential rainfall leading to overwhelmed storm runoff channels.",
        "static_safety_tips": [
          "Monitor local authorities for real-time guidance."
        ],
        "dynamic_precautions": [
          "Avoid the immediate affected perimeter."
        ]
      }
    },
    {
      "type": "Feature",
      "geometry": {
        "type": "Point",
        "coordinates": [
          -8.3815,
          31.07
        ]
      },
      "properties": {
        "incident_id": "GDACS-1390643",
        "country": "Morocco",
        "region": "Marrakech-Safi",
        "locality": "Azgour",
        "season": "Autumn",
        "disaster_type": "Earthquake",
        "emoji": "🌋",
        "risk_level": "High",
        "statistical_probability": "100.0%",
        "primary_reason": "Regional tectonic fault line movement.",
        "static_safety_tips": [
          "Monitor local authorities for real-time guidance."
        ],
        "dynamic_precautions": [
          "Avoid the immediate affected perimeter."
        ]
      }
    },
    {
      "type": "Feature",
      "geometry": {
        "type": "Point",
        "coordinates": [
          117.3,
          23.7
        ]
      },
      "properties": {
        "incident_id": "GDACS-1001002",
        "country": "China",
        "region": "Fujian",
        "locality": "Meiling",
        "season": "Summer",
        "disaster_type": "Storm",
        "emoji": "🌪️",
        "risk_level": "High",
        "statistical_probability": "100.0%",
        "primary_reason": "Rapid low-pressure cyclonic front with localized gale winds.",
        "static_safety_tips": [
          "Monitor local authorities for real-time guidance."
        ],
        "dynamic_precautions": [
          "Avoid the immediate affected perimeter."
        ]
      }
    },
    {
      "type": "Feature",
      "geometry": {
        "type": "Point",
        "coordinates": [
          25.9573,
          40.9741
        ]
      },
      "properties": {
        "incident_id": "GDACS-1016606",
        "country": "Greece",
        "region": "Eastern Macedonia and Thrace",
        "locality": "Alexandroupolis",
        "season": "Summer",
        "disaster_type": "Wildfire",
        "emoji": "🔥",
        "risk_level": "High",
        "statistical_probability": "100.0%",
        "primary_reason": "High heat index combined with sustained winds and dry vegetation.",
        "static_safety_tips": [
          "Monitor local authorities for real-time guidance."
        ],
        "dynamic_precautions": [
          "Avoid the immediate affected perimeter."
        ]
      }
    },
    {
      "type": "Feature",
      "geometry": {
        "type": "Point",
        "coordinates": [
          -115.5,
          44.6
        ]
      },
      "properties": {
        "incident_id": "GDACS-1000993",
        "country": "United States",
        "region": "Idaho",
        "locality": "Valley County",
        "season": "Summer",
        "disaster_type": "Storm",
        "emoji": "🌪️",
        "risk_level": "High",
        "statistical_probability": "100.0%",
        "primary_reason": "Rapid low-pressure cyclonic front with localized gale winds.",
        "static_safety_tips": [
          "Monitor local authorities for real-time guidance."
        ],
        "dynamic_precautions": [
          "Avoid the immediate affected perimeter."
        ]
      }
    },
    {
      "type": "Feature",
      "geometry": {
        "type": "Point",
        "coordinates": [
          72.0,
          31.0
        ]
      },
      "properties": {
        "incident_id": "GDACS-1102192",
        "country": "Pakistan",
        "region": "Punjab",
        "locality": "Punjab",
        "season": "Summer",
        "disaster_type": "Flood",
        "emoji": "🌊",
        "risk_level": "High",
        "statistical_probability": "100.0%",
        "primary_reason": "Intense torrential rainfall leading to overwhelmed storm runoff channels.",
        "static_safety_tips": [
          "Monitor local authorities for real-time guidance."
        ],
        "dynamic_precautions": [
          "Avoid the immediate affected perimeter."
        ]
      }
    },
    {
      "type": "Feature",
      "geometry": {
        "type": "Point",
        "coordinates": [
          -73.6065,
          4.2142
        ]
      },
      "properties": {
        "incident_id": "GDACS-1387441",
        "country": "Colombia",
        "region": "Meta",
        "locality": "Restrepo",
        "season": "Summer",
        "disaster_type": "Earthquake",
        "emoji": "🌋",
        "risk_level": "High",
        "statistical_probability": "100.0%",
        "primary_reason": "Regional tectonic fault line movement.",
        "static_safety_tips": [
          "Monitor local authorities for real-time guidance."
        ],
        "dynamic_precautions": [
          "Avoid the immediate affected perimeter."
        ]
      }
    },
    {
      "type": "Feature",
      "geometry": {
        "type": "Point",
        "coordinates": [
          127.4,
          38.7
        ]
      },
      "properties": {
        "incident_id": "GDACS-1000986",
        "country": "North Korea",
        "region": "Kangwon",
        "locality": "Sepo County",
        "season": "Summer",
        "disaster_type": "Storm",
        "emoji": "🌪️",
        "risk_level": "High",
        "statistical_probability": "100.0%",
        "primary_reason": "Rapid low-pressure cyclonic front with localized gale winds.",
        "static_safety_tips": [
          "Monitor local authorities for real-time guidance."
        ],
        "dynamic_precautions": [
          "Avoid the immediate affected perimeter."
        ]
      }
    },
    {
      "type": "Feature",
      "geometry": {
        "type": "Point",
        "coordinates": [
          -156.6759,
          20.8981
        ]
      },
      "properties": {
        "incident_id": "GDACS-1016286",
        "country": "United States",
        "region": "Hawaii",
        "locality": "Lahaina",
        "season": "Summer",
        "disaster_type": "Wildfire",
        "emoji": "🔥",
        "risk_level": "High",
        "statistical_probability": "100.0%",
        "primary_reason": "High heat index combined with sustained winds and dry vegetation.",
        "static_safety_tips": [
          "Monitor local authorities for real-time guidance."
        ],
        "dynamic_precautions": [
          "Avoid the immediate affected perimeter."
        ]
      }
    },
    {
      "type": "Feature",
      "geometry": {
        "type": "Point",
        "coordinates": [
          116.3785,
          37.2108
        ]
      },
      "properties": {
        "incident_id": "GDACS-1385761",
        "country": "China",
        "region": "Shandong",
        "locality": "Pingyuan County",
        "season": "Summer",
        "disaster_type": "Earthquake",
        "emoji": "🌋",
        "risk_level": "High",
        "statistical_probability": "100.0%",
        "primary_reason": "Regional tectonic fault line movement.",
        "static_safety_tips": [
          "Monitor local authorities for real-time guidance."
        ],
        "dynamic_precautions": [
          "Avoid the immediate affected perimeter."
        ]
      }
    },
    {
      "type": "Feature",
      "geometry": {
        "type": "Point",
        "coordinates": [
          123.685,
          13.257
        ]
      },
      "properties": {
        "incident_id": "GDACS-1000072",
        "country": "Philippines",
        "region": "Albay",
        "locality": "Malilipot",
        "season": "Summer",
        "disaster_type": "Earthquake",
        "emoji": "🌋",
        "risk_level": "High",
        "statistical_probability": "100.0%",
        "primary_reason": "Regional tectonic fault line movement.",
        "static_safety_tips": [
          "Monitor local authorities for real-time guidance."
        ],
        "dynamic_precautions": [
          "Avoid the immediate affected perimeter."
        ]
      }
    },
    {
      "type": "Feature",
      "geometry": {
        "type": "Point",
        "coordinates": [
          90.4,
          21.9
        ]
      },
      "properties": {
        "incident_id": "GDACS-1000987",
        "country": "Bangladesh",
        "region": "Barishal Division",
        "locality": "Rangabali Upazila",
        "season": "Summer",
        "disaster_type": "Storm",
        "emoji": "🌪️",
        "risk_level": "High",
        "statistical_probability": "100.0%",
        "primary_reason": "Rapid low-pressure cyclonic front with localized gale winds.",
        "static_safety_tips": [
          "Monitor local authorities for real-time guidance."
        ],
        "dynamic_precautions": [
          "Avoid the immediate affected perimeter."
        ]
      }
    },
    {
      "type": "Feature",
      "geometry": {
        "type": "Point",
        "coordinates": [
          118.4,
          25.7
        ]
      },
      "properties": {
        "incident_id": "GDACS-1000985",
        "country": "China",
        "region": "Fujian",
        "locality": "Dehua County",
        "season": "Summer",
        "disaster_type": "Storm",
        "emoji": "🌪️",
        "risk_level": "High",
        "statistical_probability": "100.0%",
        "primary_reason": "Rapid low-pressure cyclonic front with localized gale winds.",
        "static_safety_tips": [
          "Monitor local authorities for real-time guidance."
        ],
        "dynamic_precautions": [
          "Avoid the immediate affected perimeter."
        ]
      }
    },
    {
      "type": "Feature",
      "geometry": {
        "type": "Point",
        "coordinates": [
          27.9454,
          36.1461
        ]
      },
      "properties": {
        "incident_id": "GDACS-1015913",
        "country": "Greece",
        "region": "South Aegean",
        "locality": "Rhodes Regional Unit",
        "season": "Summer",
        "disaster_type": "Wildfire",
        "emoji": "🔥",
        "risk_level": "High",
        "statistical_probability": "100.0%",
        "primary_reason": "High heat index combined with sustained winds and dry vegetation.",
        "static_safety_tips": [
          "Monitor local authorities for real-time guidance."
        ],
        "dynamic_precautions": [
          "Avoid the immediate affected perimeter."
        ]
      }
    },
    {
      "type": "Feature",
      "geometry": {
        "type": "Point",
        "coordinates": [
          13.1187,
          38.1288
        ]
      },
      "properties": {
        "incident_id": "GDACS-1015963",
        "country": "Italy",
        "region": "Sicily",
        "locality": "Cinisi",
        "season": "Summer",
        "disaster_type": "Wildfire",
        "emoji": "🔥",
        "risk_level": "High",
        "statistical_probability": "100.0%",
        "primary_reason": "High heat index combined with sustained winds and dry vegetation.",
        "static_safety_tips": [
          "Monitor local authorities for real-time guidance."
        ],
        "dynamic_precautions": [
          "Avoid the immediate affected perimeter."
        ]
      }
    },
    {
      "type": "Feature",
      "geometry": {
        "type": "Point",
        "coordinates": [
          4.7743,
          36.7724
        ]
      },
      "properties": {
        "incident_id": "GDACS-1015944",
        "country": "Algeria",
        "region": "Bejaia",
        "locality": "El Kseur",
        "season": "Summer",
        "disaster_type": "Wildfire",
        "emoji": "🔥",
        "risk_level": "High",
        "statistical_probability": "100.0%",
        "primary_reason": "High heat index combined with sustained winds and dry vegetation.",
        "static_safety_tips": [
          "Monitor local authorities for real-time guidance."
        ],
        "dynamic_precautions": [
          "Avoid the immediate affected perimeter."
        ]
      }
    },
    {
      "type": "Feature",
      "geometry": {
        "type": "Point",
        "coordinates": [
          8.8349,
          36.9562
        ]
      },
      "properties": {
        "incident_id": "GDACS-1015980",
        "country": "Tunisia",
        "region": "Jendouba",
        "locality": "عين الصبح",
        "season": "Summer",
        "disaster_type": "Wildfire",
        "emoji": "🔥",
        "risk_level": "High",
        "statistical_probability": "100.0%",
        "primary_reason": "High heat index combined with sustained winds and dry vegetation.",
        "static_safety_tips": [
          "Monitor local authorities for real-time guidance."
        ],
        "dynamic_precautions": [
          "Avoid the immediate affected perimeter."
        ]
      }
    },
    {
      "type": "Feature",
      "geometry": {
        "type": "Point",
        "coordinates": [
          120.076,
          30.1534
        ]
      },
      "properties": {
        "incident_id": "GDACS-1102095",
        "country": "China",
        "region": "Zhejiang",
        "locality": "Xihu District",
        "season": "Summer",
        "disaster_type": "Flood",
        "emoji": "🌊",
        "risk_level": "High",
        "statistical_probability": "100.0%",
        "primary_reason": "Intense torrential rainfall leading to overwhelmed storm runoff channels.",
        "static_safety_tips": [
          "Monitor local authorities for real-time guidance."
        ],
        "dynamic_precautions": [
          "Avoid the immediate affected perimeter."
        ]
      }
    },
    {
      "type": "Feature",
      "geometry": {
        "type": "Point",
        "coordinates": [
          77.3493,
          31.8168
        ]
      },
      "properties": {
        "incident_id": "GDACS-1102135",
        "country": "India",
        "region": "Himachal Pradesh",
        "locality": "Sainj",
        "season": "Summer",
        "disaster_type": "Flood",
        "emoji": "🌊",
        "risk_level": "High",
        "statistical_probability": "100.0%",
        "primary_reason": "Intense torrential rainfall leading to overwhelmed storm runoff channels.",
        "static_safety_tips": [
          "Monitor local authorities for real-time guidance."
        ],
        "dynamic_precautions": [
          "Avoid the immediate affected perimeter."
        ]
      }
    },
    {
      "type": "Feature",
      "geometry": {
        "type": "Point",
        "coordinates": [
          144.8717,
          -4.4654
        ]
      },
      "properties": {
        "incident_id": "GDACS-1379142",
        "country": "Papua New Guinea",
        "region": "Madang",
        "locality": "Bogia District",
        "season": "Summer",
        "disaster_type": "Earthquake",
        "emoji": "🌋",
        "risk_level": "High",
        "statistical_probability": "100.0%",
        "primary_reason": "Regional tectonic fault line movement.",
        "static_safety_tips": [
          "Monitor local authorities for real-time guidance."
        ],
        "dynamic_precautions": [
          "Avoid the immediate affected perimeter."
        ]
      }
    },
    {
      "type": "Feature",
      "geometry": {
        "type": "Point",
        "coordinates": [
          -75.5055,
          53.0134
        ]
      },
      "properties": {
        "incident_id": "GDACS-1014619",
        "country": "Canada",
        "region": "Quebec",
        "locality": "Eeyou Istchee James Bay",
        "season": "Summer",
        "disaster_type": "Wildfire",
        "emoji": "🔥",
        "risk_level": "High",
        "statistical_probability": "100.0%",
        "primary_reason": "High heat index combined with sustained winds and dry vegetation.",
        "static_safety_tips": [
          "Monitor local authorities for real-time guidance."
        ],
        "dynamic_precautions": [
          "Avoid the immediate affected perimeter."
        ]
      }
    },
    {
      "type": "Feature",
      "geometry": {
        "type": "Point",
        "coordinates": [
          71.7453,
          22.385
        ]
      },
      "properties": {
        "incident_id": "GDACS-1102077",
        "country": "India",
        "region": "Gujarat",
        "locality": "Chuda Taluka",
        "season": "Summer",
        "disaster_type": "Flood",
        "emoji": "🌊",
        "risk_level": "High",
        "statistical_probability": "100.0%",
        "primary_reason": "Intense torrential rainfall leading to overwhelmed storm runoff channels.",
        "static_safety_tips": [
          "Monitor local authorities for real-time guidance."
        ],
        "dynamic_precautions": [
          "Avoid the immediate affected perimeter."
        ]
      }
    },
    {
      "type": "Feature",
      "geometry": {
        "type": "Point",
        "coordinates": [
          68.7,
          23.4
        ]
      },
      "properties": {
        "incident_id": "GDACS-1000975",
        "country": "India",
        "region": "Gujarat",
        "locality": "Abdasa Taluka",
        "season": "Summer",
        "disaster_type": "Storm",
        "emoji": "🌪️",
        "risk_level": "High",
        "statistical_probability": "100.0%",
        "primary_reason": "Rapid low-pressure cyclonic front with localized gale winds.",
        "static_safety_tips": [
          "Monitor local authorities for real-time guidance."
        ],
        "dynamic_precautions": [
          "Avoid the immediate affected perimeter."
        ]
      }
    },
    {
      "type": "Feature",
      "geometry": {
        "type": "Point",
        "coordinates": [
          -71.7368,
          -15.7173
        ]
      },
      "properties": {
        "incident_id": "GDACS-1376865",
        "country": "Peru",
        "region": "Arequipa",
        "locality": "Arequipa",
        "season": "Summer",
        "disaster_type": "Earthquake",
        "emoji": "🌋",
        "risk_level": "High",
        "statistical_probability": "100.0%",
        "primary_reason": "Regional tectonic fault line movement.",
        "static_safety_tips": [
          "Monitor local authorities for real-time guidance."
        ],
        "dynamic_precautions": [
          "Avoid the immediate affected perimeter."
        ]
      }
    },
    {
      "type": "Feature",
      "geometry": {
        "type": "Point",
        "coordinates": [
          92.9,
          20.15
        ]
      },
      "properties": {
        "incident_id": "GDACS-1102000",
        "country": "Myanmar",
        "region": "Rakhine",
        "locality": "Sittwe",
        "season": "Spring",
        "disaster_type": "Flood",
        "emoji": "🌊",
        "risk_level": "High",
        "statistical_probability": "100.0%",
        "primary_reason": "Intense torrential rainfall leading to overwhelmed storm runoff channels.",
        "static_safety_tips": [
          "Monitor local authorities for real-time guidance."
        ],
        "dynamic_precautions": [
          "Avoid the immediate affected perimeter."
        ]
      }
    },
    {
      "type": "Feature",
      "geometry": {
        "type": "Point",
        "coordinates": [
          93.1,
          20.8
        ]
      },
      "properties": {
        "incident_id": "GDACS-1000970",
        "country": "Myanmar",
        "region": "Rakhine",
        "locality": "Mrauk-U District",
        "season": "Spring",
        "disaster_type": "Storm",
        "emoji": "🌪️",
        "risk_level": "High",
        "statistical_probability": "100.0%",
        "primary_reason": "Rapid low-pressure cyclonic front with localized gale winds.",
        "static_safety_tips": [
          "Monitor local authorities for real-time guidance."
        ],
        "dynamic_precautions": [
          "Avoid the immediate affected perimeter."
        ]
      }
    },
    {
      "type": "Feature",
      "geometry": {
        "type": "Point",
        "coordinates": [
          24.2691,
          0.7795000000000001
        ]
      },
      "properties": {
        "incident_id": "GDACS-1101981",
        "country": "Democratic Republic of the Congo",
        "region": "Tshopo",
        "locality": "Isangi",
        "season": "Spring",
        "disaster_type": "Flood",
        "emoji": "🌊",
        "risk_level": "High",
        "statistical_probability": "100.0%",
        "primary_reason": "Intense torrential rainfall leading to overwhelmed storm runoff channels.",
        "static_safety_tips": [
          "Monitor local authorities for real-time guidance."
        ],
        "dynamic_precautions": [
          "Avoid the immediate affected perimeter."
        ]
      }
    },
    {
      "type": "Feature",
      "geometry": {
        "type": "Point",
        "coordinates": [
          29.927,
          -1.581
        ]
      },
      "properties": {
        "incident_id": "GDACS-1101977",
        "country": "Rwanda",
        "region": "Northern Province",
        "locality": "Ruhunde",
        "season": "Spring",
        "disaster_type": "Flood",
        "emoji": "🌊",
        "risk_level": "High",
        "statistical_probability": "100.0%",
        "primary_reason": "Intense torrential rainfall leading to overwhelmed storm runoff channels.",
        "static_safety_tips": [
          "Monitor local authorities for real-time guidance."
        ],
        "dynamic_precautions": [
          "Avoid the immediate affected perimeter."
        ]
      }
    },
    {
      "type": "Feature",
      "geometry": {
        "type": "Point",
        "coordinates": [
          98.5237,
          -0.7985
        ]
      },
      "properties": {
        "incident_id": "GDACS-1370936",
        "country": "Indonesia",
        "region": "North Sumatra",
        "locality": "South Nias",
        "season": "Spring",
        "disaster_type": "Earthquake",
        "emoji": "🌋",
        "risk_level": "High",
        "statistical_probability": "100.0%",
        "primary_reason": "Regional tectonic fault line movement.",
        "static_safety_tips": [
          "Monitor local authorities for real-time guidance."
        ],
        "dynamic_precautions": [
          "Avoid the immediate affected perimeter."
        ]
      }
    },
    {
      "type": "Feature",
      "geometry": {
        "type": "Point",
        "coordinates": [
          29.1779,
          -5.901
        ]
      },
      "properties": {
        "incident_id": "GDACS-1101919",
        "country": "Democratic Republic of the Congo",
        "region": "Tanganyika",
        "locality": "Kalemie",
        "season": "Spring",
        "disaster_type": "Flood",
        "emoji": "🌊",
        "risk_level": "High",
        "statistical_probability": "100.0%",
        "primary_reason": "Intense torrential rainfall leading to overwhelmed storm runoff channels.",
        "static_safety_tips": [
          "Monitor local authorities for real-time guidance."
        ],
        "dynamic_precautions": [
          "Avoid the immediate affected perimeter."
        ]
      }
    },
    {
      "type": "Feature",
      "geometry": {
        "type": "Point",
        "coordinates": [
          42.2849,
          2.3372
        ]
      },
      "properties": {
        "incident_id": "GDACS-1101908",
        "country": "Somalia",
        "region": "Gedo",
        "locality": "Bardera",
        "season": "Spring",
        "disaster_type": "Flood",
        "emoji": "🌊",
        "risk_level": "High",
        "statistical_probability": "100.0%",
        "primary_reason": "Intense torrential rainfall leading to overwhelmed storm runoff channels.",
        "static_safety_tips": [
          "Monitor local authorities for real-time guidance."
        ],
        "dynamic_precautions": [
          "Avoid the immediate affected perimeter."
        ]
      }
    },
    {
      "type": "Feature",
      "geometry": {
        "type": "Point",
        "coordinates": [
          143.1593,
          -4.3258
        ]
      },
      "properties": {
        "incident_id": "GDACS-1367745",
        "country": "Papua New Guinea",
        "region": "East Sepik",
        "locality": "East Sepik",
        "season": "Spring",
        "disaster_type": "Earthquake",
        "emoji": "🌋",
        "risk_level": "High",
        "statistical_probability": "100.0%",
        "primary_reason": "Regional tectonic fault line movement.",
        "static_safety_tips": [
          "Monitor local authorities for real-time guidance."
        ],
        "dynamic_precautions": [
          "Avoid the immediate affected perimeter."
        ]
      }
    },
    {
      "type": "Feature",
      "geometry": {
        "type": "Point",
        "coordinates": [
          42.2849,
          2.3372
        ]
      },
      "properties": {
        "incident_id": "GDACS-1101908",
        "country": "Somalia",
        "region": "Gedo",
        "locality": "Bardera",
        "season": "Spring",
        "disaster_type": "Flood",
        "emoji": "🌊",
        "risk_level": "High",
        "statistical_probability": "100.0%",
        "primary_reason": "Intense torrential rainfall leading to overwhelmed storm runoff channels.",
        "static_safety_tips": [
          "Monitor local authorities for real-time guidance."
        ],
        "dynamic_precautions": [
          "Avoid the immediate affected perimeter."
        ]
      }
    },
    {
      "type": "Feature",
      "geometry": {
        "type": "Point",
        "coordinates": [
          -79.8628,
          -2.8273
        ]
      },
      "properties": {
        "incident_id": "GDACS-1365556",
        "country": "Ecuador",
        "region": "Guayas",
        "locality": "Guayas",
        "season": "Spring",
        "disaster_type": "Earthquake",
        "emoji": "🌋",
        "risk_level": "High",
        "statistical_probability": "100.0%",
        "primary_reason": "Regional tectonic fault line movement.",
        "static_safety_tips": [
          "Monitor local authorities for real-time guidance."
        ],
        "dynamic_precautions": [
          "Avoid the immediate affected perimeter."
        ]
      }
    },
    {
      "type": "Feature",
      "geometry": {
        "type": "Point",
        "coordinates": [
          35.3281,
          -15.3064
        ]
      },
      "properties": {
        "incident_id": "GDACS-1101890",
        "country": "Malawi",
        "region": "Zomba",
        "locality": "Zomba",
        "season": "Spring",
        "disaster_type": "Flood",
        "emoji": "🌊",
        "risk_level": "High",
        "statistical_probability": "100.0%",
        "primary_reason": "Intense torrential rainfall leading to overwhelmed storm runoff channels.",
        "static_safety_tips": [
          "Monitor local authorities for real-time guidance."
        ],
        "dynamic_precautions": [
          "Avoid the immediate affected perimeter."
        ]
      }
    },
    {
      "type": "Feature",
      "geometry": {
        "type": "Point",
        "coordinates": [
          36.9,
          -17.5
        ]
      },
      "properties": {
        "incident_id": "GDACS-1000961",
        "country": "Mozambique",
        "region": "Zambezia Province",
        "locality": "Zambezia Province",
        "season": "Winter",
        "disaster_type": "Storm",
        "emoji": "🌪️",
        "risk_level": "High",
        "statistical_probability": "100.0%",
        "primary_reason": "Rapid low-pressure cyclonic front with localized gale winds.",
        "static_safety_tips": [
          "Monitor local authorities for real-time guidance."
        ],
        "dynamic_precautions": [
          "Avoid the immediate affected perimeter."
        ]
      }
    },
    {
      "type": "Feature",
      "geometry": {
        "type": "Point",
        "coordinates": [
          36.0165,
          36.1094
        ]
      },
      "properties": {
        "incident_id": "GDACS-1360964",
        "country": "Turkey",
        "region": "Mediterranean Region",
        "locality": "Samandağ",
        "season": "Winter",
        "disaster_type": "Earthquake",
        "emoji": "🌋",
        "risk_level": "High",
        "statistical_probability": "100.0%",
        "primary_reason": "Regional tectonic fault line movement.",
        "static_safety_tips": [
          "Monitor local authorities for real-time guidance."
        ],
        "dynamic_precautions": [
          "Avoid the immediate affected perimeter."
        ]
      }
    },
    {
      "type": "Feature",
      "geometry": {
        "type": "Point",
        "coordinates": [
          123.8677,
          12.334
        ]
      },
      "properties": {
        "incident_id": "GDACS-1359959",
        "country": "Philippines",
        "region": "Masbate",
        "locality": "Masbate",
        "season": "Winter",
        "disaster_type": "Earthquake",
        "emoji": "🌋",
        "risk_level": "High",
        "statistical_probability": "100.0%",
        "primary_reason": "Regional tectonic fault line movement.",
        "static_safety_tips": [
          "Monitor local authorities for real-time guidance."
        ],
        "dynamic_precautions": [
          "Avoid the immediate affected perimeter."
        ]
      }
    },
    {
      "type": "Feature",
      "geometry": {
        "type": "Point",
        "coordinates": [
          -72.8564,
          -36.6493
        ]
      },
      "properties": {
        "incident_id": "GDACS-1012119",
        "country": "Chile",
        "region": "Biobio Region",
        "locality": "Tomé",
        "season": "Winter",
        "disaster_type": "Wildfire",
        "emoji": "🔥",
        "risk_level": "High",
        "statistical_probability": "100.0%",
        "primary_reason": "High heat index combined with sustained winds and dry vegetation.",
        "static_safety_tips": [
          "Monitor local authorities for real-time guidance."
        ],
        "dynamic_precautions": [
          "Avoid the immediate affected perimeter."
        ]
      }
    },
    {
      "type": "Feature",
      "geometry": {
        "type": "Point",
        "coordinates": [
          -72.8559,
          -36.6524
        ]
      },
      "properties": {
        "incident_id": "GDACS-1011800",
        "country": "Chile",
        "region": "Biobio Region",
        "locality": "Tomé",
        "season": "Winter",
        "disaster_type": "Wildfire",
        "emoji": "🔥",
        "risk_level": "High",
        "statistical_probability": "100.0%",
        "primary_reason": "High heat index combined with sustained winds and dry vegetation.",
        "static_safety_tips": [
          "Monitor local authorities for real-time guidance."
        ],
        "dynamic_precautions": [
          "Avoid the immediate affected perimeter."
        ]
      }
    },
    {
      "type": "Feature",
      "geometry": {
        "type": "Point",
        "coordinates": [
          36.537,
          38.0605
        ]
      },
      "properties": {
        "incident_id": "GDACS-1357591",
        "country": "Turkey",
        "region": "Mediterranean Region",
        "locality": "Göksun",
        "season": "Winter",
        "disaster_type": "Earthquake",
        "emoji": "🌋",
        "risk_level": "High",
        "statistical_probability": "100.0%",
        "primary_reason": "Regional tectonic fault line movement.",
        "static_safety_tips": [
          "Monitor local authorities for real-time guidance."
        ],
        "dynamic_precautions": [
          "Avoid the immediate affected perimeter."
        ]
      }
    },
    {
      "type": "Feature",
      "geometry": {
        "type": "Point",
        "coordinates": [
          37.203,
          38.0235
        ]
      },
      "properties": {
        "incident_id": "GDACS-1357560",
        "country": "Turkey",
        "region": "Mediterranean Region",
        "locality": "Ekinözü",
        "season": "Winter",
        "disaster_type": "Earthquake",
        "emoji": "🌋",
        "risk_level": "High",
        "statistical_probability": "100.0%",
        "primary_reason": "Regional tectonic fault line movement.",
        "static_safety_tips": [
          "Monitor local authorities for real-time guidance."
        ],
        "dynamic_precautions": [
          "Avoid the immediate affected perimeter."
        ]
      }
    },
    {
      "type": "Feature",
      "geometry": {
        "type": "Point",
        "coordinates": [
          36.9426,
          37.1272
        ]
      },
      "properties": {
        "incident_id": "GDACS-1357374",
        "country": "Turkey",
        "region": "Southeastern Anatolia Region",
        "locality": "Nurdağı",
        "season": "Winter",
        "disaster_type": "Earthquake",
        "emoji": "🌋",
        "risk_level": "High",
        "statistical_probability": "100.0%",
        "primary_reason": "Regional tectonic fault line movement.",
        "static_safety_tips": [
          "Monitor local authorities for real-time guidance."
        ],
        "dynamic_precautions": [
          "Avoid the immediate affected perimeter."
        ]
      }
    },
    {
      "type": "Feature",
      "geometry": {
        "type": "Point",
        "coordinates": [
          37.032,
          37.1736
        ]
      },
      "properties": {
        "incident_id": "GDACS-1357372",
        "country": "Turkey",
        "region": "Southeastern Anatolia Region",
        "locality": "Şehitkamil",
        "season": "Winter",
        "disaster_type": "Earthquake",
        "emoji": "🌋",
        "risk_level": "High",
        "statistical_probability": "100.0%",
        "primary_reason": "Regional tectonic fault line movement.",
        "static_safety_tips": [
          "Monitor local authorities for real-time guidance."
        ],
        "dynamic_precautions": [
          "Avoid the immediate affected perimeter."
        ]
      }
    },
    {
      "type": "Feature",
      "geometry": {
        "type": "Point",
        "coordinates": [
          126.055,
          7.7456
        ]
      },
      "properties": {
        "incident_id": "GDACS-1356811",
        "country": "Philippines",
        "region": "Davao de Oro",
        "locality": "Davao de Oro",
        "season": "Winter",
        "disaster_type": "Earthquake",
        "emoji": "🌋",
        "risk_level": "High",
        "statistical_probability": "100.0%",
        "primary_reason": "Regional tectonic fault line movement.",
        "static_safety_tips": [
          "Monitor local authorities for real-time guidance."
        ],
        "dynamic_precautions": [
          "Avoid the immediate affected perimeter."
        ]
      }
    },
    {
      "type": "Feature",
      "geometry": {
        "type": "Point",
        "coordinates": [
          44.9091,
          38.4239
        ]
      },
      "properties": {
        "incident_id": "GDACS-1356352",
        "country": "Iran",
        "region": "West Azerbaijan Province",
        "locality": "دهستان رهال",
        "season": "Winter",
        "disaster_type": "Earthquake",
        "emoji": "🌋",
        "risk_level": "High",
        "statistical_probability": "100.0%",
        "primary_reason": "Regional tectonic fault line movement.",
        "static_safety_tips": [
          "Monitor local authorities for real-time guidance."
        ],
        "dynamic_precautions": [
          "Avoid the immediate affected perimeter."
        ]
      }
    },
    {
      "type": "Feature",
      "geometry": {
        "type": "Point",
        "coordinates": [
          124.9976,
          11.3278
        ]
      },
      "properties": {
        "incident_id": "GDACS-1101778",
        "country": "Philippines",
        "region": "Samar",
        "locality": "Samar",
        "season": "Winter",
        "disaster_type": "Flood",
        "emoji": "🌊",
        "risk_level": "High",
        "statistical_probability": "100.0%",
        "primary_reason": "Intense torrential rainfall leading to overwhelmed storm runoff channels.",
        "static_safety_tips": [
          "Monitor local authorities for real-time guidance."
        ],
        "dynamic_precautions": [
          "Avoid the immediate affected perimeter."
        ]
      }
    },
    {
      "type": "Feature",
      "geometry": {
        "type": "Point",
        "coordinates": [
          44.9348,
          38.4114
        ]
      },
      "properties": {
        "incident_id": "GDACS-1354791",
        "country": "Iran",
        "region": "West Azerbaijan Province",
        "locality": "دهستان قره سو",
        "season": "Winter",
        "disaster_type": "Earthquake",
        "emoji": "🌋",
        "risk_level": "High",
        "statistical_probability": "100.0%",
        "primary_reason": "Regional tectonic fault line movement.",
        "static_safety_tips": [
          "Monitor local authorities for real-time guidance."
        ],
        "dynamic_precautions": [
          "Avoid the immediate affected perimeter."
        ]
      }
    },
    {
      "type": "Feature",
      "geometry": {
        "type": "Point",
        "coordinates": [
          130.0391,
          -7.0852
        ]
      },
      "properties": {
        "incident_id": "GDACS-1353717",
        "country": "Indonesia",
        "region": "Maluku",
        "locality": "Maluku",
        "season": "Winter",
        "disaster_type": "Earthquake",
        "emoji": "🌋",
        "risk_level": "High",
        "statistical_probability": "100.0%",
        "primary_reason": "Regional tectonic fault line movement.",
        "static_safety_tips": [
          "Monitor local authorities for real-time guidance."
        ],
        "dynamic_precautions": [
          "Avoid the immediate affected perimeter."
        ]
      }
    },
    {
      "type": "Feature",
      "geometry": {
        "type": "Point",
        "coordinates": [
          166.8778,
          -14.9383
        ]
      },
      "properties": {
        "incident_id": "GDACS-1353543",
        "country": "Vanuatu",
        "region": "Sanma",
        "locality": "Sanma",
        "season": "Winter",
        "disaster_type": "Earthquake",
        "emoji": "🌋",
        "risk_level": "High",
        "statistical_probability": "100.0%",
        "primary_reason": "Regional tectonic fault line movement.",
        "static_safety_tips": [
          "Monitor local authorities for real-time guidance."
        ],
        "dynamic_precautions": [
          "Avoid the immediate affected perimeter."
        ]
      }
    },
    {
      "type": "Feature",
      "geometry": {
        "type": "Point",
        "coordinates": [
          13.4948,
          -5.7974
        ]
      },
      "properties": {
        "incident_id": "GDACS-1101787",
        "country": "Democratic Republic of the Congo",
        "region": "Kongo Central",
        "locality": "Matadi",
        "season": "Winter",
        "disaster_type": "Flood",
        "emoji": "🌊",
        "risk_level": "High",
        "statistical_probability": "100.0%",
        "primary_reason": "Intense torrential rainfall leading to overwhelmed storm runoff channels.",
        "static_safety_tips": [
          "Monitor local authorities for real-time guidance."
        ],
        "dynamic_precautions": [
          "Avoid the immediate affected perimeter."
        ]
      }
    },
    {
      "type": "Feature",
      "geometry": {
        "type": "Point",
        "coordinates": [
          80.1,
          12.9
        ]
      },
      "properties": {
        "incident_id": "GDACS-1000950",
        "country": "India",
        "region": "Tamil Nadu",
        "locality": "Chengalpattu",
        "season": "Winter",
        "disaster_type": "Storm",
        "emoji": "🌪️",
        "risk_level": "High",
        "statistical_probability": "100.0%",
        "primary_reason": "Rapid low-pressure cyclonic front with localized gale winds.",
        "static_safety_tips": [
          "Monitor local authorities for real-time guidance."
        ],
        "dynamic_precautions": [
          "Avoid the immediate affected perimeter."
        ]
      }
    },
    {
      "type": "Feature",
      "geometry": {
        "type": "Point",
        "coordinates": [
          112.922,
          -8.108
        ]
      },
      "properties": {
        "incident_id": "GDACS-1000057",
        "country": "Indonesia",
        "region": "East Java",
        "locality": "Kabupaten Malang",
        "season": "Winter",
        "disaster_type": "Earthquake",
        "emoji": "🌋",
        "risk_level": "High",
        "statistical_probability": "100.0%",
        "primary_reason": "Regional tectonic fault line movement.",
        "static_safety_tips": [
          "Monitor local authorities for real-time guidance."
        ],
        "dynamic_precautions": [
          "Avoid the immediate affected perimeter."
        ]
      }
    },
    {
      "type": "Feature",
      "geometry": {
        "type": "Point",
        "coordinates": [
          30.967,
          40.8471
        ]
      },
      "properties": {
        "incident_id": "GDACS-1347428",
        "country": "Turkey",
        "region": "Black Sea Region",
        "locality": "Gümüşova",
        "season": "Autumn",
        "disaster_type": "Earthquake",
        "emoji": "🌋",
        "risk_level": "High",
        "statistical_probability": "100.0%",
        "primary_reason": "Regional tectonic fault line movement.",
        "static_safety_tips": [
          "Monitor local authorities for real-time guidance."
        ],
        "dynamic_precautions": [
          "Avoid the immediate affected perimeter."
        ]
      }
    },
    {
      "type": "Feature",
      "geometry": {
        "type": "Point",
        "coordinates": [
          159.5959,
          -9.7963
        ]
      },
      "properties": {
        "incident_id": "GDACS-1347295",
        "country": "Solomon Islands",
        "region": "Guadalcanal",
        "locality": "Guadalcanal",
        "season": "Autumn",
        "disaster_type": "Earthquake",
        "emoji": "🌋",
        "risk_level": "High",
        "statistical_probability": "100.0%",
        "primary_reason": "Regional tectonic fault line movement.",
        "static_safety_tips": [
          "Monitor local authorities for real-time guidance."
        ],
        "dynamic_precautions": [
          "Avoid the immediate affected perimeter."
        ]
      }
    },
    {
      "type": "Feature",
      "geometry": {
        "type": "Point",
        "coordinates": [
          107.0946,
          -6.8531
        ]
      },
      "properties": {
        "incident_id": "GDACS-1347183",
        "country": "Indonesia",
        "region": "West Java",
        "locality": "Cianjur",
        "season": "Autumn",
        "disaster_type": "Earthquake",
        "emoji": "🌋",
        "risk_level": "High",
        "statistical_probability": "100.0%",
        "primary_reason": "Regional tectonic fault line movement.",
        "static_safety_tips": [
          "Monitor local authorities for real-time guidance."
        ],
        "dynamic_precautions": [
          "Avoid the immediate affected perimeter."
        ]
      }
    },
    {
      "type": "Feature",
      "geometry": {
        "type": "Point",
        "coordinates": [
          81.1486,
          29.2742
        ]
      },
      "properties": {
        "incident_id": "GDACS-1345475",
        "country": "Nepal",
        "region": "Sudurpashchim Province",
        "locality": "Achham",
        "season": "Autumn",
        "disaster_type": "Earthquake",
        "emoji": "🌋",
        "risk_level": "High",
        "statistical_probability": "100.0%",
        "primary_reason": "Regional tectonic fault line movement.",
        "static_safety_tips": [
          "Monitor local authorities for real-time guidance."
        ],
        "dynamic_precautions": [
          "Avoid the immediate affected perimeter."
        ]
      }
    },
    {
      "type": "Feature",
      "geometry": {
        "type": "Point",
        "coordinates": [
          34.5877,
          8.2504
        ]
      },
      "properties": {
        "incident_id": "GDACS-1101733",
        "country": "Ethiopia",
        "region": "Gambela Region",
        "locality": "Gambela",
        "season": "Summer",
        "disaster_type": "Flood",
        "emoji": "🌊",
        "risk_level": "High",
        "statistical_probability": "100.0%",
        "primary_reason": "Intense torrential rainfall leading to overwhelmed storm runoff channels.",
        "static_safety_tips": [
          "Monitor local authorities for real-time guidance."
        ],
        "dynamic_precautions": [
          "Avoid the immediate affected perimeter."
        ]
      }
    },
    {
      "type": "Feature",
      "geometry": {
        "type": "Point",
        "coordinates": [
          122.7312,
          12.7503
        ]
      },
      "properties": {
        "incident_id": "GDACS-1101710",
        "country": "Philippines",
        "region": "Philippines",
        "locality": "Philippines",
        "season": "Autumn",
        "disaster_type": "Flood",
        "emoji": "🌊",
        "risk_level": "High",
        "statistical_probability": "50.0%",
        "primary_reason": "Intense torrential rainfall leading to overwhelmed storm runoff channels.",
        "static_safety_tips": [
          "Monitor local authorities for real-time guidance."
        ],
        "dynamic_precautions": [
          "Avoid the immediate affected perimeter."
        ]
      }
    },
    {
      "type": "Feature",
      "geometry": {
        "type": "Point",
        "coordinates": [
          90.2934,
          24.4769
        ]
      },
      "properties": {
        "incident_id": "GDACS-1101720",
        "country": "Bangladesh",
        "region": "Mymensingh Division",
        "locality": "Fulbaria Upazila",
        "season": "Autumn",
        "disaster_type": "Flood",
        "emoji": "🌊",
        "risk_level": "High",
        "statistical_probability": "100.0%",
        "primary_reason": "Intense torrential rainfall leading to overwhelmed storm runoff channels.",
        "static_safety_tips": [
          "Monitor local authorities for real-time guidance."
        ],
        "dynamic_precautions": [
          "Avoid the immediate affected perimeter."
        ]
      }
    },
    {
      "type": "Feature",
      "geometry": {
        "type": "Point",
        "coordinates": [
          6.0289,
          4.763
        ]
      },
      "properties": {
        "incident_id": "GDACS-1101659",
        "country": "Nigeria",
        "region": "Bayelsa State",
        "locality": "Southern Ijaw",
        "season": "Autumn",
        "disaster_type": "Flood",
        "emoji": "🌊",
        "risk_level": "High",
        "statistical_probability": "100.0%",
        "primary_reason": "Intense torrential rainfall leading to overwhelmed storm runoff channels.",
        "static_safety_tips": [
          "Monitor local authorities for real-time guidance."
        ],
        "dynamic_precautions": [
          "Avoid the immediate affected perimeter."
        ]
      }
    },
    {
      "type": "Feature",
      "geometry": {
        "type": "Point",
        "coordinates": [
          120.8142,
          17.6634
        ]
      },
      "properties": {
        "incident_id": "GDACS-1343617",
        "country": "Philippines",
        "region": "Abra",
        "locality": "Lagangilang",
        "season": "Autumn",
        "disaster_type": "Earthquake",
        "emoji": "🌋",
        "risk_level": "High",
        "statistical_probability": "100.0%",
        "primary_reason": "Regional tectonic fault line movement.",
        "static_safety_tips": [
          "Monitor local authorities for real-time guidance."
        ],
        "dynamic_precautions": [
          "Avoid the immediate affected perimeter."
        ]
      }
    },
    {
      "type": "Feature",
      "geometry": {
        "type": "Point",
        "coordinates": [
          91.0,
          24.1
        ]
      },
      "properties": {
        "incident_id": "GDACS-1000941",
        "country": "Bangladesh",
        "region": "Dhaka Division",
        "locality": "Bhairab",
        "season": "Autumn",
        "disaster_type": "Storm",
        "emoji": "🌪️",
        "risk_level": "High",
        "statistical_probability": "100.0%",
        "primary_reason": "Rapid low-pressure cyclonic front with localized gale winds.",
        "static_safety_tips": [
          "Monitor local authorities for real-time guidance."
        ],
        "dynamic_precautions": [
          "Avoid the immediate affected perimeter."
        ]
      }
    },
    {
      "type": "Feature",
      "geometry": {
        "type": "Point",
        "coordinates": [
          -101.0,
          26.0
        ]
      },
      "properties": {
        "incident_id": "GDACS-1000940",
        "country": "Mexico",
        "region": "Coahuila",
        "locality": "Ramos Arizpe",
        "season": "Autumn",
        "disaster_type": "Storm",
        "emoji": "🌪️",
        "risk_level": "High",
        "statistical_probability": "100.0%",
        "primary_reason": "Rapid low-pressure cyclonic front with localized gale winds.",
        "static_safety_tips": [
          "Monitor local authorities for real-time guidance."
        ],
        "dynamic_precautions": [
          "Avoid the immediate affected perimeter."
        ]
      }
    },
    {
      "type": "Feature",
      "geometry": {
        "type": "Point",
        "coordinates": [
          -91.6,
          15.0
        ]
      },
      "properties": {
        "incident_id": "GDACS-1000933",
        "country": "Guatemala",
        "region": "Quetzaltenango",
        "locality": "San Carlos Sija",
        "season": "Autumn",
        "disaster_type": "Storm",
        "emoji": "🌪️",
        "risk_level": "High",
        "statistical_probability": "100.0%",
        "primary_reason": "Rapid low-pressure cyclonic front with localized gale winds.",
        "static_safety_tips": [
          "Monitor local authorities for real-time guidance."
        ],
        "dynamic_precautions": [
          "Avoid the immediate affected perimeter."
        ]
      }
    },
    {
      "type": "Feature",
      "geometry": {
        "type": "Point",
        "coordinates": [
          45.0375,
          38.5113
        ]
      },
      "properties": {
        "incident_id": "GDACS-1340649",
        "country": "Iran",
        "region": "West Azerbaijan Province",
        "locality": "دهستان قره سو",
        "season": "Autumn",
        "disaster_type": "Earthquake",
        "emoji": "🌋",
        "risk_level": "High",
        "statistical_probability": "100.0%",
        "primary_reason": "Regional tectonic fault line movement.",
        "static_safety_tips": [
          "Monitor local authorities for real-time guidance."
        ],
        "dynamic_precautions": [
          "Avoid the immediate affected perimeter."
        ]
      }
    },
    {
      "type": "Feature",
      "geometry": {
        "type": "Point",
        "coordinates": [
          -105.0,
          24.0
        ]
      },
      "properties": {
        "incident_id": "GDACS-1000929",
        "country": "Mexico",
        "region": "Durango",
        "locality": "Municipio de Durango",
        "season": "Autumn",
        "disaster_type": "Storm",
        "emoji": "🌪️",
        "risk_level": "High",
        "statistical_probability": "100.0%",
        "primary_reason": "Rapid low-pressure cyclonic front with localized gale winds.",
        "static_safety_tips": [
          "Monitor local authorities for real-time guidance."
        ],
        "dynamic_precautions": [
          "Avoid the immediate affected perimeter."
        ]
      }
    },
    {
      "type": "Feature",
      "geometry": {
        "type": "Point",
        "coordinates": [
          -78.2,
          37.3
        ]
      },
      "properties": {
        "incident_id": "GDACS-1000923",
        "country": "United States",
        "region": "Virginia",
        "locality": "Amelia County",
        "season": "Autumn",
        "disaster_type": "Storm",
        "emoji": "🌪️",
        "risk_level": "High",
        "statistical_probability": "100.0%",
        "primary_reason": "Rapid low-pressure cyclonic front with localized gale winds.",
        "static_safety_tips": [
          "Monitor local authorities for real-time guidance."
        ],
        "dynamic_precautions": [
          "Avoid the immediate affected perimeter."
        ]
      }
    },
    {
      "type": "Feature",
      "geometry": {
        "type": "Point",
        "coordinates": [
          107.8,
          16.0
        ]
      },
      "properties": {
        "incident_id": "GDACS-1000922",
        "country": "Vietnam",
        "region": "Vietnam",
        "locality": "Đà Nẵng",
        "season": "Autumn",
        "disaster_type": "Storm",
        "emoji": "🌪️",
        "risk_level": "High",
        "statistical_probability": "100.0%",
        "primary_reason": "Rapid low-pressure cyclonic front with localized gale winds.",
        "static_safety_tips": [
          "Monitor local authorities for real-time guidance."
        ],
        "dynamic_precautions": [
          "Avoid the immediate affected perimeter."
        ]
      }
    },
    {
      "type": "Feature",
      "geometry": {
        "type": "Point",
        "coordinates": [
          -60.5,
          48.4
        ]
      },
      "properties": {
        "incident_id": "GDACS-1000916",
        "country": "Canada",
        "region": "Quebec",
        "locality": "Urban agglomeration of Les Îles-de-la-Madeleine",
        "season": "Autumn",
        "disaster_type": "Storm",
        "emoji": "🌪️",
        "risk_level": "High",
        "statistical_probability": "100.0%",
        "primary_reason": "Rapid low-pressure cyclonic front with localized gale winds.",
        "static_safety_tips": [
          "Monitor local authorities for real-time guidance."
        ],
        "dynamic_precautions": [
          "Avoid the immediate affected perimeter."
        ]
      }
    },
    {
      "type": "Feature",
      "geometry": {
        "type": "Point",
        "coordinates": [
          34.5877,
          8.2504
        ]
      },
      "properties": {
        "incident_id": "GDACS-1101733",
        "country": "Ethiopia",
        "region": "Gambela Region",
        "locality": "Gambela",
        "season": "Summer",
        "disaster_type": "Flood",
        "emoji": "🌊",
        "risk_level": "High",
        "statistical_probability": "100.0%",
        "primary_reason": "Intense torrential rainfall leading to overwhelmed storm runoff channels.",
        "static_safety_tips": [
          "Monitor local authorities for real-time guidance."
        ],
        "dynamic_precautions": [
          "Avoid the immediate affected perimeter."
        ]
      }
    },
    {
      "type": "Feature",
      "geometry": {
        "type": "Point",
        "coordinates": [
          6.0289,
          4.763
        ]
      },
      "properties": {
        "incident_id": "GDACS-1101659",
        "country": "Nigeria",
        "region": "Bayelsa State",
        "locality": "Southern Ijaw",
        "season": "Autumn",
        "disaster_type": "Flood",
        "emoji": "🌊",
        "risk_level": "High",
        "statistical_probability": "100.0%",
        "primary_reason": "Intense torrential rainfall leading to overwhelmed storm runoff channels.",
        "static_safety_tips": [
          "Monitor local authorities for real-time guidance."
        ],
        "dynamic_precautions": [
          "Avoid the immediate affected perimeter."
        ]
      }
    },
    {
      "type": "Feature",
      "geometry": {
        "type": "Point",
        "coordinates": [
          -78.2,
          37.3
        ]
      },
      "properties": {
        "incident_id": "GDACS-1000923",
        "country": "United States",
        "region": "Virginia",
        "locality": "Amelia County",
        "season": "Autumn",
        "disaster_type": "Storm",
        "emoji": "🌪️",
        "risk_level": "High",
        "statistical_probability": "100.0%",
        "primary_reason": "Rapid low-pressure cyclonic front with localized gale winds.",
        "static_safety_tips": [
          "Monitor local authorities for real-time guidance."
        ],
        "dynamic_precautions": [
          "Avoid the immediate affected perimeter."
        ]
      }
    },
    {
      "type": "Feature",
      "geometry": {
        "type": "Point",
        "coordinates": [
          107.8,
          16.0
        ]
      },
      "properties": {
        "incident_id": "GDACS-1000922",
        "country": "Vietnam",
        "region": "Vietnam",
        "locality": "Đà Nẵng",
        "season": "Autumn",
        "disaster_type": "Storm",
        "emoji": "🌪️",
        "risk_level": "High",
        "statistical_probability": "100.0%",
        "primary_reason": "Rapid low-pressure cyclonic front with localized gale winds.",
        "static_safety_tips": [
          "Monitor local authorities for real-time guidance."
        ],
        "dynamic_precautions": [
          "Avoid the immediate affected perimeter."
        ]
      }
    },
    {
      "type": "Feature",
      "geometry": {
        "type": "Point",
        "coordinates": [
          -60.5,
          48.4
        ]
      },
      "properties": {
        "incident_id": "GDACS-1000916",
        "country": "Canada",
        "region": "Quebec",
        "locality": "Urban agglomeration of Les Îles-de-la-Madeleine",
        "season": "Autumn",
        "disaster_type": "Storm",
        "emoji": "🌪️",
        "risk_level": "High",
        "statistical_probability": "100.0%",
        "primary_reason": "Rapid low-pressure cyclonic front with localized gale winds.",
        "static_safety_tips": [
          "Monitor local authorities for real-time guidance."
        ],
        "dynamic_precautions": [
          "Avoid the immediate affected perimeter."
        ]
      }
    },
    {
      "type": "Feature",
      "geometry": {
        "type": "Point",
        "coordinates": [
          137.1,
          37.4
        ]
      },
      "properties": {
        "incident_id": "GDACS-1000915",
        "country": "Japan",
        "region": "Japan",
        "locality": "Wajima",
        "season": "Autumn",
        "disaster_type": "Storm",
        "emoji": "🌪️",
        "risk_level": "High",
        "statistical_probability": "100.0%",
        "primary_reason": "Rapid low-pressure cyclonic front with localized gale winds.",
        "static_safety_tips": [
          "Monitor local authorities for real-time guidance."
        ],
        "dynamic_precautions": [
          "Avoid the immediate affected perimeter."
        ]
      }
    },
    {
      "type": "Feature",
      "geometry": {
        "type": "Point",
        "coordinates": [
          121.316,
          23.1589
        ]
      },
      "properties": {
        "incident_id": "GDACS-1338219",
        "country": "Taiwan",
        "region": "Taiwan",
        "locality": "Fuli",
        "season": "Autumn",
        "disaster_type": "Earthquake",
        "emoji": "🌋",
        "risk_level": "High",
        "statistical_probability": "100.0%",
        "primary_reason": "Regional tectonic fault line movement.",
        "static_safety_tips": [
          "Monitor local authorities for real-time guidance."
        ],
        "dynamic_precautions": [
          "Avoid the immediate affected perimeter."
        ]
      }
    },
    {
      "type": "Feature",
      "geometry": {
        "type": "Point",
        "coordinates": [
          122.1,
          39.3
        ]
      },
      "properties": {
        "incident_id": "GDACS-1000913",
        "country": "China",
        "region": "Liaoning",
        "locality": "Liaoning",
        "season": "Autumn",
        "disaster_type": "Storm",
        "emoji": "🌪️",
        "risk_level": "High",
        "statistical_probability": "100.0%",
        "primary_reason": "Rapid low-pressure cyclonic front with localized gale winds.",
        "static_safety_tips": [
          "Monitor local authorities for real-time guidance."
        ],
        "dynamic_precautions": [
          "Avoid the immediate affected perimeter."
        ]
      }
    },
    {
      "type": "Feature",
      "geometry": {
        "type": "Point",
        "coordinates": [
          121.4692,
          31.2323
        ]
      },
      "properties": {
        "incident_id": "GDACS-1101664",
        "country": "China",
        "region": "Shanghai",
        "locality": "Shanghai",
        "season": "Autumn",
        "disaster_type": "Flood",
        "emoji": "🌊",
        "risk_level": "High",
        "statistical_probability": "100.0%",
        "primary_reason": "Intense torrential rainfall leading to overwhelmed storm runoff channels.",
        "static_safety_tips": [
          "Monitor local authorities for real-time guidance."
        ],
        "dynamic_precautions": [
          "Avoid the immediate affected perimeter."
        ]
      }
    },
    {
      "type": "Feature",
      "geometry": {
        "type": "Point",
        "coordinates": [
          146.4692,
          -6.2557
        ]
      },
      "properties": {
        "incident_id": "GDACS-1337179",
        "country": "Papua New Guinea",
        "region": "Morobe",
        "locality": "Morobe",
        "season": "Autumn",
        "disaster_type": "Earthquake",
        "emoji": "🌋",
        "risk_level": "High",
        "statistical_probability": "100.0%",
        "primary_reason": "Regional tectonic fault line movement.",
        "static_safety_tips": [
          "Monitor local authorities for real-time guidance."
        ],
        "dynamic_precautions": [
          "Avoid the immediate affected perimeter."
        ]
      }
    },
    {
      "type": "Feature",
      "geometry": {
        "type": "Point",
        "coordinates": [
          102.279,
          29.7263
        ]
      },
      "properties": {
        "incident_id": "GDACS-1336287",
        "country": "China",
        "region": "Sichuan",
        "locality": "Luding County",
        "season": "Autumn",
        "disaster_type": "Earthquake",
        "emoji": "🌋",
        "risk_level": "High",
        "statistical_probability": "100.0%",
        "primary_reason": "Regional tectonic fault line movement.",
        "static_safety_tips": [
          "Monitor local authorities for real-time guidance."
        ],
        "dynamic_precautions": [
          "Avoid the immediate affected perimeter."
        ]
      }
    },
    {
      "type": "Feature",
      "geometry": {
        "type": "Point",
        "coordinates": [
          5.7576,
          8.7282
        ]
      },
      "properties": {
        "incident_id": "GDACS-1101620",
        "country": "Nigeria",
        "region": "Kwara State",
        "locality": "Pategi",
        "season": "Summer",
        "disaster_type": "Flood",
        "emoji": "🌊",
        "risk_level": "High",
        "statistical_probability": "100.0%",
        "primary_reason": "Intense torrential rainfall leading to overwhelmed storm runoff channels.",
        "static_safety_tips": [
          "Monitor local authorities for real-time guidance."
        ],
        "dynamic_precautions": [
          "Avoid the immediate affected perimeter."
        ]
      }
    },
    {
      "type": "Feature",
      "geometry": {
        "type": "Point",
        "coordinates": [
          75.0,
          36.0
        ]
      },
      "properties": {
        "incident_id": "GDACS-1101522",
        "country": "Pakistan",
        "region": "Gilgit-Baltistan",
        "locality": "Shigar District",
        "season": "Summer",
        "disaster_type": "Flood",
        "emoji": "🌊",
        "risk_level": "High",
        "statistical_probability": "100.0%",
        "primary_reason": "Intense torrential rainfall leading to overwhelmed storm runoff channels.",
        "static_safety_tips": [
          "Monitor local authorities for real-time guidance."
        ],
        "dynamic_precautions": [
          "Avoid the immediate affected perimeter."
        ]
      }
    },
    {
      "type": "Feature",
      "geometry": {
        "type": "Point",
        "coordinates": [
          80.8597,
          27.1303
        ]
      },
      "properties": {
        "incident_id": "GDACS-1101588",
        "country": "India",
        "region": "Uttar Pradesh",
        "locality": "Sidhauli",
        "season": "Summer",
        "disaster_type": "Flood",
        "emoji": "🌊",
        "risk_level": "High",
        "statistical_probability": "100.0%",
        "primary_reason": "Intense torrential rainfall leading to overwhelmed storm runoff channels.",
        "static_safety_tips": [
          "Monitor local authorities for real-time guidance."
        ],
        "dynamic_precautions": [
          "Avoid the immediate affected perimeter."
        ]
      }
    },
    {
      "type": "Feature",
      "geometry": {
        "type": "Point",
        "coordinates": [
          110.1,
          21.8
        ]
      },
      "properties": {
        "incident_id": "GDACS-1000905",
        "country": "China",
        "region": "Guangdong",
        "locality": "Zhanjiang City",
        "season": "Summer",
        "disaster_type": "Storm",
        "emoji": "🌪️",
        "risk_level": "High",
        "statistical_probability": "100.0%",
        "primary_reason": "Rapid low-pressure cyclonic front with localized gale winds.",
        "static_safety_tips": [
          "Monitor local authorities for real-time guidance."
        ],
        "dynamic_precautions": [
          "Avoid the immediate affected perimeter."
        ]
      }
    },
    {
      "type": "Feature",
      "geometry": {
        "type": "Point",
        "coordinates": [
          87.3,
          22.0
        ]
      },
      "properties": {
        "incident_id": "GDACS-1000904",
        "country": "India",
        "region": "West Bengal",
        "locality": "Dantan-I",
        "season": "Summer",
        "disaster_type": "Storm",
        "emoji": "🌪️",
        "risk_level": "High",
        "statistical_probability": "100.0%",
        "primary_reason": "Rapid low-pressure cyclonic front with localized gale winds.",
        "static_safety_tips": [
          "Monitor local authorities for real-time guidance."
        ],
        "dynamic_precautions": [
          "Avoid the immediate affected perimeter."
        ]
      }
    },
    {
      "type": "Feature",
      "geometry": {
        "type": "Point",
        "coordinates": [
          138.0955,
          34.9332
        ]
      },
      "properties": {
        "incident_id": "GDACS-1101571",
        "country": "Japan",
        "region": "Japan",
        "locality": "Shimada",
        "season": "Summer",
        "disaster_type": "Flood",
        "emoji": "🌊",
        "risk_level": "High",
        "statistical_probability": "100.0%",
        "primary_reason": "Intense torrential rainfall leading to overwhelmed storm runoff channels.",
        "static_safety_tips": [
          "Monitor local authorities for real-time guidance."
        ],
        "dynamic_precautions": [
          "Avoid the immediate affected perimeter."
        ]
      }
    },
    {
      "type": "Feature",
      "geometry": {
        "type": "Point",
        "coordinates": [
          -0.7243,
          44.4789
        ]
      },
      "properties": {
        "incident_id": "GDACS-1008161",
        "country": "France",
        "region": "Nouvelle-Aquitaine",
        "locality": "Gironde",
        "season": "Summer",
        "disaster_type": "Wildfire",
        "emoji": "🔥",
        "risk_level": "High",
        "statistical_probability": "100.0%",
        "primary_reason": "High heat index combined with sustained winds and dry vegetation.",
        "static_safety_tips": [
          "Monitor local authorities for real-time guidance."
        ],
        "dynamic_precautions": [
          "Avoid the immediate affected perimeter."
        ]
      }
    },
    {
      "type": "Feature",
      "geometry": {
        "type": "Point",
        "coordinates": [
          14.2839,
          50.8832
        ]
      },
      "properties": {
        "incident_id": "GDACS-1007792",
        "country": "Czechia",
        "region": "Ústí nad Labem Region",
        "locality": "okres Děčín",
        "season": "Summer",
        "disaster_type": "Wildfire",
        "emoji": "🔥",
        "risk_level": "High",
        "statistical_probability": "100.0%",
        "primary_reason": "High heat index combined with sustained winds and dry vegetation.",
        "static_safety_tips": [
          "Monitor local authorities for real-time guidance."
        ],
        "dynamic_precautions": [
          "Avoid the immediate affected perimeter."
        ]
      }
    },
    {
      "type": "Feature",
      "geometry": {
        "type": "Point",
        "coordinates": [
          120.8068,
          17.5613
        ]
      },
      "properties": {
        "incident_id": "GDACS-1332182",
        "country": "Philippines",
        "region": "Abra",
        "locality": "Bucay",
        "season": "Summer",
        "disaster_type": "Earthquake",
        "emoji": "🌋",
        "risk_level": "High",
        "statistical_probability": "100.0%",
        "primary_reason": "Regional tectonic fault line movement.",
        "static_safety_tips": [
          "Monitor local authorities for real-time guidance."
        ],
        "dynamic_precautions": [
          "Avoid the immediate affected perimeter."
        ]
      }
    },
    {
      "type": "Feature",
      "geometry": {
        "type": "Point",
        "coordinates": [
          110.8,
          22.0
        ]
      },
      "properties": {
        "incident_id": "GDACS-1000891",
        "country": "China",
        "region": "Guangdong",
        "locality": "Maoming City",
        "season": "Summer",
        "disaster_type": "Storm",
        "emoji": "🌪️",
        "risk_level": "High",
        "statistical_probability": "100.0%",
        "primary_reason": "Rapid low-pressure cyclonic front with localized gale winds.",
        "static_safety_tips": [
          "Monitor local authorities for real-time guidance."
        ],
        "dynamic_precautions": [
          "Avoid the immediate affected perimeter."
        ]
      }
    },
    {
      "type": "Feature",
      "geometry": {
        "type": "Point",
        "coordinates": [
          55.3207,
          26.8992
        ]
      },
      "properties": {
        "incident_id": "GDACS-1328816",
        "country": "Iran",
        "region": "Hormozgan Province",
        "locality": "دهستان دژگان",
        "season": "Summer",
        "disaster_type": "Earthquake",
        "emoji": "🌋",
        "risk_level": "High",
        "statistical_probability": "100.0%",
        "primary_reason": "Regional tectonic fault line movement.",
        "static_safety_tips": [
          "Monitor local authorities for real-time guidance."
        ],
        "dynamic_precautions": [
          "Avoid the immediate affected perimeter."
        ]
      }
    },
    {
      "type": "Feature",
      "geometry": {
        "type": "Point",
        "coordinates": [
          55.254,
          26.935
        ]
      },
      "properties": {
        "incident_id": "GDACS-1328800",
        "country": "Iran",
        "region": "Hormozgan Province",
        "locality": "دهستان دژگان",
        "season": "Summer",
        "disaster_type": "Earthquake",
        "emoji": "🌋",
        "risk_level": "High",
        "statistical_probability": "100.0%",
        "primary_reason": "Regional tectonic fault line movement.",
        "static_safety_tips": [
          "Monitor local authorities for real-time guidance."
        ],
        "dynamic_precautions": [
          "Avoid the immediate affected perimeter."
        ]
      }
    },
    {
      "type": "Feature",
      "geometry": {
        "type": "Point",
        "coordinates": [
          54.2613,
          26.7253
        ]
      },
      "properties": {
        "incident_id": "GDACS-1328006",
        "country": "Iran",
        "region": "Hormozgan Province",
        "locality": "دهستان بندرچارک",
        "season": "Summer",
        "disaster_type": "Earthquake",
        "emoji": "🌋",
        "risk_level": "High",
        "statistical_probability": "100.0%",
        "primary_reason": "Regional tectonic fault line movement.",
        "static_safety_tips": [
          "Monitor local authorities for real-time guidance."
        ],
        "dynamic_precautions": [
          "Avoid the immediate affected perimeter."
        ]
      }
    },
    {
      "type": "Feature",
      "geometry": {
        "type": "Point",
        "coordinates": [
          69.5135,
          33.0924
        ]
      },
      "properties": {
        "incident_id": "GDACS-1327560",
        "country": "Afghanistan",
        "region": "Khost Province",
        "locality": "Spera",
        "season": "Summer",
        "disaster_type": "Earthquake",
        "emoji": "🌋",
        "risk_level": "High",
        "statistical_probability": "100.0%",
        "primary_reason": "Regional tectonic fault line movement.",
        "static_safety_tips": [
          "Monitor local authorities for real-time guidance."
        ],
        "dynamic_precautions": [
          "Avoid the immediate affected perimeter."
        ]
      }
    },
    {
      "type": "Feature",
      "geometry": {
        "type": "Point",
        "coordinates": [
          114.6954,
          23.7468
        ]
      },
      "properties": {
        "incident_id": "GDACS-1101446",
        "country": "China",
        "region": "Guangdong",
        "locality": "Heyuan",
        "season": "Spring",
        "disaster_type": "Flood",
        "emoji": "🌊",
        "risk_level": "High",
        "statistical_probability": "100.0%",
        "primary_reason": "Intense torrential rainfall leading to overwhelmed storm runoff channels.",
        "static_safety_tips": [
          "Monitor local authorities for real-time guidance."
        ],
        "dynamic_precautions": [
          "Avoid the immediate affected perimeter."
        ]
      }
    },
    {
      "type": "Feature",
      "geometry": {
        "type": "Point",
        "coordinates": [
          -94.9,
          17.3
        ]
      },
      "properties": {
        "incident_id": "GDACS-1000886",
        "country": "Mexico",
        "region": "Oaxaca",
        "locality": "Matías Romero Avendaño",
        "season": "Spring",
        "disaster_type": "Storm",
        "emoji": "🌪️",
        "risk_level": "High",
        "statistical_probability": "100.0%",
        "primary_reason": "Rapid low-pressure cyclonic front with localized gale winds.",
        "static_safety_tips": [
          "Monitor local authorities for real-time guidance."
        ],
        "dynamic_precautions": [
          "Avoid the immediate affected perimeter."
        ]
      }
    },
    {
      "type": "Feature",
      "geometry": {
        "type": "Point",
        "coordinates": [
          -36.0604,
          -7.0761
        ]
      },
      "properties": {
        "incident_id": "GDACS-1101433",
        "country": "Brazil",
        "region": "Paraíba",
        "locality": "Pocinhos",
        "season": "Spring",
        "disaster_type": "Flood",
        "emoji": "🌊",
        "risk_level": "High",
        "statistical_probability": "100.0%",
        "primary_reason": "Intense torrential rainfall leading to overwhelmed storm runoff channels.",
        "static_safety_tips": [
          "Monitor local authorities for real-time guidance."
        ],
        "dynamic_precautions": [
          "Avoid the immediate affected perimeter."
        ]
      }
    },
    {
      "type": "Feature",
      "geometry": {
        "type": "Point",
        "coordinates": [
          81.0,
          16.0
        ]
      },
      "properties": {
        "incident_id": "GDACS-1000883",
        "country": "India",
        "region": "Andhra Pradesh",
        "locality": "Koduru",
        "season": "Spring",
        "disaster_type": "Storm",
        "emoji": "🌪️",
        "risk_level": "High",
        "statistical_probability": "100.0%",
        "primary_reason": "Rapid low-pressure cyclonic front with localized gale winds.",
        "static_safety_tips": [
          "Monitor local authorities for real-time guidance."
        ],
        "dynamic_precautions": [
          "Avoid the immediate affected perimeter."
        ]
      }
    },
    {
      "type": "Feature",
      "geometry": {
        "type": "Point",
        "coordinates": [
          124.71,
          8.4007
        ]
      },
      "properties": {
        "incident_id": "GDACS-1101349",
        "country": "Philippines",
        "region": "Bukidnon",
        "locality": "Libona",
        "season": "Spring",
        "disaster_type": "Flood",
        "emoji": "🌊",
        "risk_level": "High",
        "statistical_probability": "100.0%",
        "primary_reason": "Intense torrential rainfall leading to overwhelmed storm runoff channels.",
        "static_safety_tips": [
          "Monitor local authorities for real-time guidance."
        ],
        "dynamic_precautions": [
          "Avoid the immediate affected perimeter."
        ]
      }
    },
    {
      "type": "Feature",
      "geometry": {
        "type": "Point",
        "coordinates": [
          31.0099,
          -29.8618
        ]
      },
      "properties": {
        "incident_id": "GDACS-1101354",
        "country": "South Africa",
        "region": "KwaZulu-Natal",
        "locality": "Durban",
        "season": "Spring",
        "disaster_type": "Flood",
        "emoji": "🌊",
        "risk_level": "High",
        "statistical_probability": "100.0%",
        "primary_reason": "Intense torrential rainfall leading to overwhelmed storm runoff channels.",
        "static_safety_tips": [
          "Monitor local authorities for real-time guidance."
        ],
        "dynamic_precautions": [
          "Avoid the immediate affected perimeter."
        ]
      }
    },
    {
      "type": "Feature",
      "geometry": {
        "type": "Point",
        "coordinates": [
          35.1,
          -15.6
        ]
      },
      "properties": {
        "incident_id": "GDACS-1000873",
        "country": "Malawi",
        "region": "Blantyre",
        "locality": "Blantyre",
        "season": "Spring",
        "disaster_type": "Storm",
        "emoji": "🌪️",
        "risk_level": "High",
        "statistical_probability": "100.0%",
        "primary_reason": "Rapid low-pressure cyclonic front with localized gale winds.",
        "static_safety_tips": [
          "Monitor local authorities for real-time guidance."
        ],
        "dynamic_precautions": [
          "Avoid the immediate affected perimeter."
        ]
      }
    },
    {
      "type": "Feature",
      "geometry": {
        "type": "Point",
        "coordinates": [
          -57.1938,
          -28.0147
        ]
      },
      "properties": {
        "incident_id": "GDACS-1004136",
        "country": "Argentina",
        "region": "Corrientes",
        "locality": "Municipio de Ituzaingó",
        "season": "Winter",
        "disaster_type": "Wildfire",
        "emoji": "🔥",
        "risk_level": "High",
        "statistical_probability": "100.0%",
        "primary_reason": "High heat index combined with sustained winds and dry vegetation.",
        "static_safety_tips": [
          "Monitor local authorities for real-time guidance."
        ],
        "dynamic_precautions": [
          "Avoid the immediate affected perimeter."
        ]
      }
    },
    {
      "type": "Feature",
      "geometry": {
        "type": "Point",
        "coordinates": [
          47.2272,
          -18.8041
        ]
      },
      "properties": {
        "incident_id": "GDACS-1101281",
        "country": "Madagascar",
        "region": "Itasy Region",
        "locality": "Arivonimamo",
        "season": "Winter",
        "disaster_type": "Flood",
        "emoji": "🌊",
        "risk_level": "High",
        "statistical_probability": "100.0%",
        "primary_reason": "Intense torrential rainfall leading to overwhelmed storm runoff channels.",
        "static_safety_tips": [
          "Monitor local authorities for real-time guidance."
        ],
        "dynamic_precautions": [
          "Avoid the immediate affected perimeter."
        ]
      }
    },
    {
      "type": "Feature",
      "geometry": {
        "type": "Point",
        "coordinates": [
          -73.3346,
          18.4723
        ]
      },
      "properties": {
        "incident_id": "GDACS-1307299",
        "country": "Haiti",
        "region": "Département des Nippes",
        "locality": "Commune Anse-à-Veau",
        "season": "Winter",
        "disaster_type": "Earthquake",
        "emoji": "🌋",
        "risk_level": "High",
        "statistical_probability": "100.0%",
        "primary_reason": "Regional tectonic fault line movement.",
        "static_safety_tips": [
          "Monitor local authorities for real-time guidance."
        ],
        "dynamic_precautions": [
          "Avoid the immediate affected perimeter."
        ]
      }
    },
    {
      "type": "Feature",
      "geometry": {
        "type": "Point",
        "coordinates": [
          38.8,
          -16.3
        ]
      },
      "properties": {
        "incident_id": "GDACS-1000858",
        "country": "Mozambique",
        "region": "Zambezia Province",
        "locality": "Pebane",
        "season": "Winter",
        "disaster_type": "Storm",
        "emoji": "🌪️",
        "risk_level": "High",
        "statistical_probability": "100.0%",
        "primary_reason": "Rapid low-pressure cyclonic front with localized gale winds.",
        "static_safety_tips": [
          "Monitor local authorities for real-time guidance."
        ],
        "dynamic_precautions": [
          "Avoid the immediate affected perimeter."
        ]
      }
    },
    {
      "type": "Feature",
      "geometry": {
        "type": "Point",
        "coordinates": [
          -175.382,
          -20.536
        ]
      },
      "properties": {
        "incident_id": "GDACS-1000036",
        "country": "Tonga",
        "region": "Haʻapai",
        "locality": "Haʻapai",
        "season": "Winter",
        "disaster_type": "Earthquake",
        "emoji": "🌋",
        "risk_level": "High",
        "statistical_probability": "100.0%",
        "primary_reason": "Regional tectonic fault line movement.",
        "static_safety_tips": [
          "Monitor local authorities for real-time guidance."
        ],
        "dynamic_precautions": [
          "Avoid the immediate affected perimeter."
        ]
      }
    },
    {
      "type": "Feature",
      "geometry": {
        "type": "Point",
        "coordinates": [
          -44.1589,
          -18.5265
        ]
      },
      "properties": {
        "incident_id": "GDACS-1101205",
        "country": "Brazil",
        "region": "Minas Gerais",
        "locality": "Minas Gerais",
        "season": "Autumn",
        "disaster_type": "Flood",
        "emoji": "🌊",
        "risk_level": "High",
        "statistical_probability": "100.0%",
        "primary_reason": "Intense torrential rainfall leading to overwhelmed storm runoff channels.",
        "static_safety_tips": [
          "Monitor local authorities for real-time guidance."
        ],
        "dynamic_precautions": [
          "Avoid the immediate affected perimeter."
        ]
      }
    },
    {
      "type": "Feature",
      "geometry": {
        "type": "Point",
        "coordinates": [
          101.2775,
          37.8152
        ]
      },
      "properties": {
        "incident_id": "GDACS-1304967",
        "country": "China",
        "region": "Qinghai",
        "locality": "Menyuan Hui Autonomous County",
        "season": "Winter",
        "disaster_type": "Earthquake",
        "emoji": "🌋",
        "risk_level": "High",
        "statistical_probability": "100.0%",
        "primary_reason": "Regional tectonic fault line movement.",
        "static_safety_tips": [
          "Monitor local authorities for real-time guidance."
        ],
        "dynamic_precautions": [
          "Avoid the immediate affected perimeter."
        ]
      }
    },
    {
      "type": "Feature",
      "geometry": {
        "type": "Point",
        "coordinates": [
          127.5808,
          -7.5924
        ]
      },
      "properties": {
        "incident_id": "GDACS-1303929",
        "country": "Indonesia",
        "region": "Maluku",
        "locality": "Maluku",
        "season": "Winter",
        "disaster_type": "Earthquake",
        "emoji": "🌋",
        "risk_level": "High",
        "statistical_probability": "100.0%",
        "primary_reason": "Regional tectonic fault line movement.",
        "static_safety_tips": [
          "Monitor local authorities for real-time guidance."
        ],
        "dynamic_precautions": [
          "Avoid the immediate affected perimeter."
        ]
      }
    },
    {
      "type": "Feature",
      "geometry": {
        "type": "Point",
        "coordinates": [
          100.9798,
          4.8122
        ]
      },
      "properties": {
        "incident_id": "GDACS-1101219",
        "country": "Malaysia",
        "region": "Perak",
        "locality": "Kuala Kangsar",
        "season": "Winter",
        "disaster_type": "Flood",
        "emoji": "🌊",
        "risk_level": "High",
        "statistical_probability": "100.0%",
        "primary_reason": "Intense torrential rainfall leading to overwhelmed storm runoff channels.",
        "static_safety_tips": [
          "Monitor local authorities for real-time guidance."
        ],
        "dynamic_precautions": [
          "Avoid the immediate affected perimeter."
        ]
      }
    },
    {
      "type": "Feature",
      "geometry": {
        "type": "Point",
        "coordinates": [
          -17.83,
          28.57
        ]
      },
      "properties": {
        "incident_id": "GDACS-1000031",
        "country": "Spain",
        "region": "Canary Islands",
        "locality": "Villa de Mazo",
        "season": "Autumn",
        "disaster_type": "Earthquake",
        "emoji": "🌋",
        "risk_level": "High",
        "statistical_probability": "100.0%",
        "primary_reason": "Regional tectonic fault line movement.",
        "static_safety_tips": [
          "Monitor local authorities for real-time guidance."
        ],
        "dynamic_precautions": [
          "Avoid the immediate affected perimeter."
        ]
      }
    },
    {
      "type": "Feature",
      "geometry": {
        "type": "Point",
        "coordinates": [
          -76.8461,
          -4.4898
        ]
      },
      "properties": {
        "incident_id": "GDACS-1298872",
        "country": "Peru",
        "region": "Loreto",
        "locality": "Loreto",
        "season": "Autumn",
        "disaster_type": "Earthquake",
        "emoji": "🌋",
        "risk_level": "High",
        "statistical_probability": "100.0%",
        "primary_reason": "Regional tectonic fault line movement.",
        "static_safety_tips": [
          "Monitor local authorities for real-time guidance."
        ],
        "dynamic_precautions": [
          "Avoid the immediate affected perimeter."
        ]
      }
    },
    {
      "type": "Feature",
      "geometry": {
        "type": "Point",
        "coordinates": [
          80.1864,
          15.9241
        ]
      },
      "properties": {
        "incident_id": "GDACS-1101164",
        "country": "India",
        "region": "Andhra Pradesh",
        "locality": "Yeddana Pudi",
        "season": "Autumn",
        "disaster_type": "Flood",
        "emoji": "🌊",
        "risk_level": "High",
        "statistical_probability": "100.0%",
        "primary_reason": "Intense torrential rainfall leading to overwhelmed storm runoff channels.",
        "static_safety_tips": [
          "Monitor local authorities for real-time guidance."
        ],
        "dynamic_precautions": [
          "Avoid the immediate affected perimeter."
        ]
      }
    },
    {
      "type": "Feature",
      "geometry": {
        "type": "Point",
        "coordinates": [
          56.0766,
          27.7361
        ]
      },
      "properties": {
        "incident_id": "GDACS-1295690",
        "country": "Iran",
        "region": "Hormozgan Province",
        "locality": "دهستان گهره",
        "season": "Autumn",
        "disaster_type": "Earthquake",
        "emoji": "🌋",
        "risk_level": "High",
        "statistical_probability": "100.0%",
        "primary_reason": "Regional tectonic fault line movement.",
        "static_safety_tips": [
          "Monitor local authorities for real-time guidance."
        ],
        "dynamic_precautions": [
          "Avoid the immediate affected perimeter."
        ]
      }
    },
    {
      "type": "Feature",
      "geometry": {
        "type": "Point",
        "coordinates": [
          -103.1,
          20.4
        ]
      },
      "properties": {
        "incident_id": "GDACS-1000841",
        "country": "Mexico",
        "region": "Jalisco",
        "locality": "Atotonilquillo",
        "season": "Autumn",
        "disaster_type": "Storm",
        "emoji": "🌪️",
        "risk_level": "High",
        "statistical_probability": "100.0%",
        "primary_reason": "Rapid low-pressure cyclonic front with localized gale winds.",
        "static_safety_tips": [
          "Monitor local authorities for real-time guidance."
        ],
        "dynamic_precautions": [
          "Avoid the immediate affected perimeter."
        ]
      }
    },
    {
      "type": "Feature",
      "geometry": {
        "type": "Point",
        "coordinates": [
          79.0897,
          30.0417
        ]
      },
      "properties": {
        "incident_id": "GDACS-1101125",
        "country": "India",
        "region": "Uttarakhand",
        "locality": "Thailisain",
        "season": "Autumn",
        "disaster_type": "Flood",
        "emoji": "🌊",
        "risk_level": "High",
        "statistical_probability": "100.0%",
        "primary_reason": "Intense torrential rainfall leading to overwhelmed storm runoff channels.",
        "static_safety_tips": [
          "Monitor local authorities for real-time guidance."
        ],
        "dynamic_precautions": [
          "Avoid the immediate affected perimeter."
        ]
      }
    },
    {
      "type": "Feature",
      "geometry": {
        "type": "Point",
        "coordinates": [
          84.0917,
          28.1084
        ]
      },
      "properties": {
        "incident_id": "GDACS-1101132",
        "country": "Nepal",
        "region": "Gandaki Province",
        "locality": "Pokhara",
        "season": "Autumn",
        "disaster_type": "Flood",
        "emoji": "🌊",
        "risk_level": "High",
        "statistical_probability": "100.0%",
        "primary_reason": "Intense torrential rainfall leading to overwhelmed storm runoff channels.",
        "static_safety_tips": [
          "Monitor local authorities for real-time guidance."
        ],
        "dynamic_precautions": [
          "Avoid the immediate affected perimeter."
        ]
      }
    },
    {
      "type": "Feature",
      "geometry": {
        "type": "Point",
        "coordinates": [
          -101.5,
          27.5
        ]
      },
      "properties": {
        "incident_id": "GDACS-1000840",
        "country": "Mexico",
        "region": "Coahuila",
        "locality": "Escobedo",
        "season": "Autumn",
        "disaster_type": "Storm",
        "emoji": "🌪️",
        "risk_level": "High",
        "statistical_probability": "100.0%",
        "primary_reason": "Rapid low-pressure cyclonic front with localized gale winds.",
        "static_safety_tips": [
          "Monitor local authorities for real-time guidance."
        ],
        "dynamic_precautions": [
          "Avoid the immediate affected perimeter."
        ]
      }
    },
    {
      "type": "Feature",
      "geometry": {
        "type": "Point",
        "coordinates": [
          106.6,
          20.8
        ]
      },
      "properties": {
        "incident_id": "GDACS-1000837",
        "country": "Vietnam",
        "region": "Vietnam",
        "locality": "Hải Phòng",
        "season": "Autumn",
        "disaster_type": "Storm",
        "emoji": "🌪️",
        "risk_level": "High",
        "statistical_probability": "100.0%",
        "primary_reason": "Rapid low-pressure cyclonic front with localized gale winds.",
        "static_safety_tips": [
          "Monitor local authorities for real-time guidance."
        ],
        "dynamic_precautions": [
          "Avoid the immediate affected perimeter."
        ]
      }
    },
    {
      "type": "Feature",
      "geometry": {
        "type": "Point",
        "coordinates": [
          112.0,
          37.0
        ]
      },
      "properties": {
        "incident_id": "GDACS-1101109",
        "country": "China",
        "region": "Shanxi",
        "locality": "Jinzhong City",
        "season": "Autumn",
        "disaster_type": "Flood",
        "emoji": "🌊",
        "risk_level": "High",
        "statistical_probability": "100.0%",
        "primary_reason": "Intense torrential rainfall leading to overwhelmed storm runoff channels.",
        "static_safety_tips": [
          "Monitor local authorities for real-time guidance."
        ],
        "dynamic_precautions": [
          "Avoid the immediate affected perimeter."
        ]
      }
    },
    {
      "type": "Feature",
      "geometry": {
        "type": "Point",
        "coordinates": [
          57.4,
          23.8
        ]
      },
      "properties": {
        "incident_id": "GDACS-1000834",
        "country": "Oman",
        "region": "Al Batinah North Governorate",
        "locality": "As Suwaiq Province",
        "season": "Autumn",
        "disaster_type": "Storm",
        "emoji": "🌪️",
        "risk_level": "High",
        "statistical_probability": "100.0%",
        "primary_reason": "Rapid low-pressure cyclonic front with localized gale winds.",
        "static_safety_tips": [
          "Monitor local authorities for real-time guidance."
        ],
        "dynamic_precautions": [
          "Avoid the immediate affected perimeter."
        ]
      }
    },
    {
      "type": "Feature",
      "geometry": {
        "type": "Point",
        "coordinates": [
          77.7198,
          31.2396
        ]
      },
      "properties": {
        "incident_id": "GDACS-1100977",
        "country": "India",
        "region": "Himachal Pradesh",
        "locality": "Rohru",
        "season": "Summer",
        "disaster_type": "Flood",
        "emoji": "🌊",
        "risk_level": "High",
        "statistical_probability": "100.0%",
        "primary_reason": "Intense torrential rainfall leading to overwhelmed storm runoff channels.",
        "static_safety_tips": [
          "Monitor local authorities for real-time guidance."
        ],
        "dynamic_precautions": [
          "Avoid the immediate affected perimeter."
        ]
      }
    }
  ]
}